seqName;clade;qc.overallScore;qc.overallStatus;totalGaps;totalInsertions;totalMissing;totalMutations;totalNonACGTNs;totalPcrPrimerChanges;substitutions;deletions;insertions;missing;nonACGTNs;pcrPrimerChanges;aaSubstitutions;totalAminoacidSubstitutions;aaDeletions;totalAminoacidDeletions;alignmentEnd;alignmentScore;alignmentStart;qc.missingData.missingDataThreshold;qc.missingData.score;qc.missingData.status;qc.missingData.totalMissing;qc.mixedSites.mixedSitesThreshold;qc.mixedSites.score;qc.mixedSites.status;qc.mixedSites.totalMixedSites;qc.privateMutations.cutoff;qc.privateMutations.excess;qc.privateMutations.score;qc.privateMutations.status;qc.privateMutations.total;qc.snpClusters.clusteredSNPs;qc.snpClusters.score;qc.snpClusters.status;qc.snpClusters.totalSNPs;errors
1900173SC2_ivar_masked;21A (Delta);689.0625;bad;22;12;3;90;0;3;G210T,C241T,G521T,G526T,A641T,A1132G,G2518T,G2582T,C3037T,A3504T,C4068T,A4079G,G4181T,A4362C,G5437T,G5931A,C6402T,C7124T,C7768T,C8986T,C8991T,G9053T,C9638T,C10029T,T10243C,C10582T,A11201G,A11332G,C12445T,G12565T,T12570C,C14408T,C14676T,G14874T,G15451A,C16466T,G16935T,C17746T,C19220T,C19290T,C19524T,C21618T,C21846T,G21987A,T22200G,G22578A,G22599C,C22674T,T22679C,C22686T,A22688G,G22775A,A22786C,G22813T,T22882G,T22917G,G22992A,C22995A,A23013C,T23018G,A23055G,A23063T,T23075C,A23403G,C23453T,C23525T,T23599G,C23604A,C23854A,G23948T,A24424T,T24469A,C25000T,C25584T,C25614T,G26526T,T26767C,T27287C,G27459T,A27608G,G27706T,C27752T,C27874T,G28086T,A28461G,A28780G,G28881T,G28916T,C29250T,G29402T;21633-21642,21766-21772,28248-28254,28274;27668:GGAGAACGCAGT;4111-4114;;Charité_RdRp_F:G15451A,HKU_N_R:C29250T,ChinaCDC_N_F:G28881T;M:A2S,M:I82T,N:M1X,N:D63G,N:R203M,N:G215C,N:P326L,N:D377Y,ORF1a:V86F,ORF1a:E87D,ORF1a:N126Y,ORF1a:A773S,ORF1a:N1080I,ORF1a:A1268V,ORF1a:S1272G,ORF1a:A1306S,ORF1a:E1366A,ORF1a:E1724D,ORF1a:C1889Y,ORF1a:P2046L,ORF1a:P2287S,ORF1a:A2909V,ORF1a:V2930L,ORF1a:H3125Y,ORF1a:T3255I,ORF1a:T3646A,ORF1a:Q4100H,ORF1a:V4102A,ORF1b:P314L,ORF1b:K469N,ORF1b:G662S,ORF1b:P1000L,ORF1b:M1156I,ORF1b:P1427S,ORF1b:A1918V,ORF6:L29P,ORF7a:E22D,ORF7a:K72R,ORF7a:A105S,ORF7a:T120I,ORF7b:T40I,ORF8:A65S,ORF9b:T60A,S:T19I,S:L24S,S:T95I,S:G142D,S:V213G,S:G339D,S:R346T,S:S371F,S:S373P,S:S375F,S:T376A,S:D405N,S:R408S,S:K417N,S:N440K,S:L452R,S:S477N,S:T478K,S:E484A,S:F486V,S:Q498R,S:N501Y,S:Y505H,S:D614G,S:P631S,S:H655Y,S:N679K,S:P681H,S:N764K,S:D796Y,S:Q954H,S:N969K;75;ORF8:D119-,ORF8:F120-,S:P25-,S:P26-,S:A27-,S:H69-,S:V70-;7;29665;88478;24;3000;0;good;3;10;0;good;0;24;63;262.5;bad;71;;0;good;0;
1900192SC2_ivar_masked;21A (Delta);733.5069444444443;bad;22;12;0;93;0;3;G210T,C241T,G521T,G526T,A641T,A1132G,G2518T,G2582T,C3037T,A3504T,C4068T,A4079G,G4181T,A4362C,G5437T,G5931A,C6402T,C7124T,C7768T,C8986T,C8991T,G9053T,C9638T,C10029T,T10243C,C10582T,A11201G,A11332G,C12445T,G12565T,T12570C,C14408T,C14676T,G14874T,G15451A,C16466T,G16935T,C17746T,C19220T,C19290T,C19524T,C21618T,C21846T,G21987A,T22200G,G22578A,G22599C,C22674T,T22679C,C22686T,A22688G,G22775A,A22786C,G22813T,T22882G,T22917G,G22992A,C22995A,A23013C,T23018G,A23055G,A23063T,T23075C,A23403G,C23453T,C23525T,T23599G,C23604A,C23854A,G23948T,A24424T,T24469A,C25000T,C25584T,C25614T,G26526T,T26767C,T27287C,G27459T,A27608G,G27706T,C27752T,C27874T,G28086T,A28461G,A28780G,G28881T,G28916T,C29250T,G29402T,G29742T,G29757T,G29779T;21633-21642,21766-21772,28248-28254,28274;27668:GGAGAACGCAGT;;;Charité_RdRp_F:G15451A,HKU_N_R:C29250T,ChinaCDC_N_F:G28881T;M:A2S,M:I82T,N:M1X,N:D63G,N:R203M,N:G215C,N:P326L,N:D377Y,ORF1a:V86F,ORF1a:E87D,ORF1a:N126Y,ORF1a:A773S,ORF1a:N1080I,ORF1a:A1268V,ORF1a:S1272G,ORF1a:A1306S,ORF1a:E1366A,ORF1a:E1724D,ORF1a:C1889Y,ORF1a:P2046L,ORF1a:P2287S,ORF1a:A2909V,ORF1a:V2930L,ORF1a:H3125Y,ORF1a:T3255I,ORF1a:T3646A,ORF1a:Q4100H,ORF1a:V4102A,ORF1b:P314L,ORF1b:K469N,ORF1b:G662S,ORF1b:P1000L,ORF1b:M1156I,ORF1b:P1427S,ORF1b:A1918V,ORF6:L29P,ORF7a:E22D,ORF7a:K72R,ORF7a:A105S,ORF7a:T120I,ORF7b:T40I,ORF8:A65S,ORF9b:T60A,S:T19I,S:L24S,S:T95I,S:G142D,S:V213G,S:G339D,S:R346T,S:S371F,S:S373P,S:S375F,S:T376A,S:D405N,S:R408S,S:K417N,S:N440K,S:L452R,S:S477N,S:T478K,S:E484A,S:F486V,S:Q498R,S:N501Y,S:Y505H,S:D614G,S:P631S,S:H655Y,S:N679K,S:P681H,S:N764K,S:D796Y,S:Q954H,S:N969K;75;ORF8:D119-,ORF8:F120-,S:P25-,S:P26-,S:A27-,S:H69-,S:V70-;7;29851;89024;24;3000;0;good;0;10;0;good;0;24;65;270.8333333333333;bad;73;;0;good;0;
1921630-SC2_ivar_masked;21A (Delta);850.6944444444446;bad;22;12;0;97;0;3;G210T,C241T,G521T,G526T,A641T,A1132G,G2518T,G2582T,C3037T,A3504T,C4068T,A4079G,G4181T,A4362C,G5437T,C5822T,G5931A,C6402T,C7124T,C7768T,C8986T,C8991T,G9053T,C9638T,C10029T,T10243C,C10582T,A11201G,A11332G,C12445T,G12565T,T12570C,C14408T,C14676T,G14874T,G15451A,C16466T,G16935T,C17746T,C19220T,C19290T,C19524T,C21618T,C21707T,G21987A,T22200G,G22578A,G22599C,C22674T,T22679C,C22686T,A22688G,G22775A,A22786C,G22813T,T22882G,T22917G,G22992A,C22995A,A23013C,T23018G,A23055G,A23063T,T23075C,A23403G,C23453T,C23525T,A23541T,T23599G,C23604A,C23854A,G23948T,A24424T,T24469A,C25000T,C25584T,C25614T,G26526T,T26767C,T27287C,G27459T,A27608G,G27706T,C27752T,C27874T,C27945T,G28086T,A28461G,A28780G,G28881T,G28916T,C29250T,G29402T,C29520T,G29742T,G29757T,G29779T;21633-21642,21766-21772,28248-28254,28274;27668:GGAGAACGCAGT;;;Charité_RdRp_F:G15451A,HKU_N_R:C29250T,ChinaCDC_N_F:G28881T;M:A2S,M:I82T,N:M1X,N:D63G,N:R203M,N:G215C,N:P326L,N:D377Y,N:S416L,ORF1a:V86F,ORF1a:E87D,ORF1a:N126Y,ORF1a:A773S,ORF1a:N1080I,ORF1a:A1268V,ORF1a:S1272G,ORF1a:A1306S,ORF1a:E1366A,ORF1a:E1724D,ORF1a:L1853F,ORF1a:C1889Y,ORF1a:P2046L,ORF1a:P2287S,ORF1a:A2909V,ORF1a:V2930L,ORF1a:H3125Y,ORF1a:T3255I,ORF1a:T3646A,ORF1a:Q4100H,ORF1a:V4102A,ORF1b:P314L,ORF1b:K469N,ORF1b:G662S,ORF1b:P1000L,ORF1b:M1156I,ORF1b:P1427S,ORF1b:A1918V,ORF6:L29P,ORF7a:E22D,ORF7a:K72R,ORF7a:A105S,ORF7a:T120I,ORF7b:T40I,ORF8:Q18*,ORF8:A65S,ORF9b:T60A,S:T19I,S:L24S,S:H49Y,S:G142D,S:V213G,S:G339D,S:R346T,S:S371F,S:S373P,S:S375F,S:T376A,S:D405N,S:R408S,S:K417N,S:N440K,S:L452R,S:S477N,S:T478K,S:E484A,S:F486V,S:Q498R,S:N501Y,S:Y505H,S:D614G,S:P631S,S:H655Y,S:Y660F,S:N679K,S:P681H,S:N764K,S:D796Y,S:Q954H,S:N969K;79;ORF8:D119-,ORF8:F120-,S:P25-,S:P26-,S:A27-,S:H69-,S:V70-;7;29851;89008;24;3000;0;good;0;10;0;good;0;24;70;291.6666666666667;bad;78;;0;good;0;
SWIFT252134025_ivar_masked;21A (Delta);21.006944444444446;good;13;0;1;47;0;2;G210T,C241T,G526T,G2518T,G2582T,C3037T,C4068T,G4181T,G5437T,C6402T,C7124T,C7768T,C8986T,G9053T,C9638T,C10029T,C10582T,A11201G,A11332G,C14408T,C14676T,G15451A,C16466T,C19220T,C19524T,C21618G,G21987A,C22314T,T22917G,C22995A,A23403G,C23604G,G24410A,C25469T,C25614T,T26767C,T27287C,T27638C,G27706T,C27752T,C27874T,G28086T,A28461G,A28780G,G28881T,G28916T,G29402T;22029-22035,28248-28254,28274;;29742;;Charité_RdRp_F:G15451A,ChinaCDC_N_F:G28881T;M:I82T,N:M1X,N:D63G,N:R203M,N:G215C,N:D377Y,ORF1a:E87D,ORF1a:A773S,ORF1a:A1268V,ORF1a:A1306S,ORF1a:E1724D,ORF1a:P2046L,ORF1a:P2287S,ORF1a:V2930L,ORF1a:H3125Y,ORF1a:T3255I,ORF1a:T3646A,ORF1b:P314L,ORF1b:G662S,ORF1b:P1000L,ORF1b:A1918V,ORF3a:S26L,ORF6:L29P,ORF7a:V82A,ORF7a:A105S,ORF7a:T120I,ORF7b:T40I,ORF8:A65S,ORF9b:T60A,S:T19R,S:G142D,S:E156G,S:P251L,S:L452R,S:T478K,S:D614G,S:P681R,S:D950N;38;ORF8:D119-,ORF8:F120-,S:F157-,S:R158-;4;29851;89243;24;3000;0;good;1;10;0;good;0;24;11;45.833333333333336;mediocre;19;;0;good;0;
SWIFT252202176_ivar_masked;21A (Delta);21.006944444444446;good;13;0;0;48;0;2;G210T,C241T,G526T,G2518T,G2582T,C3037T,C4068T,G4181T,G5437T,C6402T,C7124T,C7768T,C8986T,G9053T,C9638T,C10029T,C10582T,A11201G,A11332G,C14408T,C14676T,G15451A,C16466T,C19220T,C19524T,C21618G,G21987A,C22314T,T22917G,C22995A,A23403G,C23604G,G24410A,C25469T,C25614T,T26767C,T27287C,T27638C,G27706T,C27752T,C27874T,G28086T,A28461G,A28780G,G28881T,G28916T,G29402T,G29742T;22029-22035,28248-28254,28274;;;;Charité_RdRp_F:G15451A,ChinaCDC_N_F:G28881T;M:I82T,N:M1X,N:D63G,N:R203M,N:G215C,N:D377Y,ORF1a:E87D,ORF1a:A773S,ORF1a:A1268V,ORF1a:A1306S,ORF1a:E1724D,ORF1a:P2046L,ORF1a:P2287S,ORF1a:V2930L,ORF1a:H3125Y,ORF1a:T3255I,ORF1a:T3646A,ORF1b:P314L,ORF1b:G662S,ORF1b:P1000L,ORF1b:A1918V,ORF3a:S26L,ORF6:L29P,ORF7a:V82A,ORF7a:A105S,ORF7a:T120I,ORF7b:T40I,ORF8:A65S,ORF9b:T60A,S:T19R,S:G142D,S:E156G,S:P251L,S:L452R,S:T478K,S:D614G,S:P681R,S:D950N;38;ORF8:D119-,ORF8:F120-,S:F157-,S:R158-;4;29851;89239;24;3000;0;good;0;10;0;good;0;24;11;45.833333333333336;mediocre;19;;0;good;0;
SWIFT252219812_ivar_masked;21A (Delta);91.84027777777777;mediocre;13;0;129;57;0;3;G210T,C241T,G526T,G2518T,G2582T,C3037T,C3884A,C4068T,A4079G,G4181T,A4362C,G5437T,C6402T,C7124T,C7768T,C8986T,C8991T,G9053T,C9638T,C10029T,C10582T,A11201G,A11332G,G12565T,C14408T,C14676T,G15451A,C16466T,G16935T,C19220T,C19290T,C19524T,C21618G,G21987A,C22286T,C22314T,T22917G,C22995A,C23202T,A23403G,C23604G,C24319T,G24410A,C25469T,C25614T,T26767C,T27287C,G27706T,C27752T,C27874T,G28086T,A28461G,A28780G,G28881T,G28916T,C29250T,G29402T;22029-22035,28248-28254,28274;;7275-7305,21515-21598,24270-24285,29742;;Charité_RdRp_F:G15451A,HKU_N_R:C29250T,ChinaCDC_N_F:G28881T;M:I82T,N:M1X,N:D63G,N:R203M,N:G215C,N:P326L,N:D377Y,ORF1a:E87D,ORF1a:A773S,ORF1a:P1207T,ORF1a:A1268V,ORF1a:S1272G,ORF1a:A1306S,ORF1a:E1366A,ORF1a:E1724D,ORF1a:P2046L,ORF1a:P2287S,ORF1a:A2909V,ORF1a:V2930L,ORF1a:H3125Y,ORF1a:T3255I,ORF1a:T3646A,ORF1a:Q4100H,ORF1b:P314L,ORF1b:G662S,ORF1b:P1000L,ORF1b:M1156I,ORF1b:A1918V,ORF3a:S26L,ORF6:L29P,ORF7a:A105S,ORF7a:T120I,ORF7b:T40I,ORF8:A65S,ORF9b:T60A,S:T19R,S:G142D,S:E156G,S:L242F,S:P251L,S:L452R,S:T478K,S:T547I,S:D614G,S:P681R,S:D950N;46;ORF8:D119-,ORF8:F120-,S:F157-,S:R158-;4;29851;89203;24;3000;0;good;129;10;0;good;0;24;23;95.83333333333333;mediocre;31;;0;good;0;
SWIFT252223439_ivar_masked;21A (Delta);91.84027777777777;mediocre;14;0;1;56;0;3;G210T,C241T,G526T,G2518T,G2582T,C3037T,C4068T,A4079G,G4181T,A4362C,G5437T,C6402T,C7124T,C7768T,C8986T,C8991T,G9053T,C9638T,C10029T,C10582T,A11201G,A11332G,G12565T,C14408T,C14676T,G15451A,C16466T,G16935T,C19220T,C19290T,C19524T,C21618G,G21987A,C22314T,G22899T,T22917G,C22995A,C23202T,A23403G,C23604G,C24319T,G24410A,C25469T,C25614T,T26767C,T27287C,G27706T,C27752T,C27874T,G28086T,A28461G,A28780G,G28881T,G28916T,C29250T,G29402T;20239,22029-22035,28248-28254,28274;;29742;;Charité_RdRp_F:G15451A,HKU_N_R:C29250T,ChinaCDC_N_F:G28881T;M:I82T,N:M1X,N:D63G,N:R203M,N:G215C,N:P326L,N:D377Y,ORF1a:E87D,ORF1a:A773S,ORF1a:A1268V,ORF1a:S1272G,ORF1a:A1306S,ORF1a:E1366A,ORF1a:E1724D,ORF1a:P2046L,ORF1a:P2287S,ORF1a:A2909V,ORF1a:V2930L,ORF1a:H3125Y,ORF1a:T3255I,ORF1a:T3646A,ORF1a:Q4100H,ORF1b:P314L,ORF1b:G662S,ORF1b:P1000L,ORF1b:M1156I,ORF1b:A1918V,ORF1b:S2258X,ORF3a:S26L,ORF6:L29P,ORF7a:A105S,ORF7a:T120I,ORF7b:T40I,ORF8:A65S,ORF9b:T60A,S:T19R,S:G142D,S:E156G,S:P251L,S:G446V,S:L452R,S:T478K,S:T547I,S:D614G,S:P681R,S:D950N;46;ORF8:D119-,ORF8:F120-,S:F157-,S:R158-;4;29851;89200;24;3000;0;good;1;10;0;good;0;24;23;95.83333333333333;mediocre;31;;0;good;0;
SWIFT252231628_ivar_masked;21A (Delta);250.69444444444449;bad;13;12;0;72;0;3;C203T,G210T,C241T,G521T,G526T,A1132G,G2518T,G2582T,C3037T,A3504T,C4068T,A4079G,G4181T,A4362C,G5437T,G5931A,C6402T,C7124T,C7768T,C8986T,C8991T,G9053T,C9638T,C10029T,C10582T,A11201G,A11332G,C12445T,G12565T,T12570C,C13665T,C14408T,C14676T,G15451A,C16466T,G16935T,C17746T,T17811C,C19220T,C19290T,C19524T,C21618G,G21987A,C22314T,G22899T,T22917G,C22995A,C23202T,A23403G,C23604G,A23899T,C24319T,G24410A,G25062T,C25469T,C25614T,T26767C,T27287C,G27459T,G27706T,C27737T,C27752T,C27874T,G28086T,A28461G,A28780G,G28881T,G28916T,C29250T,G29402T,G29742T,G29779T;22029-22035,28248-28254,28274;27668:GGAGAACGCAGT;;;Charité_RdRp_F:G15451A,HKU_N_R:C29250T,ChinaCDC_N_F:G28881T;M:I82T,N:M1X,N:D63G,N:R203M,N:G215C,N:P326L,N:D377Y,ORF1a:V86F,ORF1a:E87D,ORF1a:A773S,ORF1a:N1080I,ORF1a:A1268V,ORF1a:S1272G,ORF1a:A1306S,ORF1a:E1366A,ORF1a:E1724D,ORF1a:C1889Y,ORF1a:P2046L,ORF1a:P2287S,ORF1a:A2909V,ORF1a:V2930L,ORF1a:H3125Y,ORF1a:T3255I,ORF1a:T3646A,ORF1a:Q4100H,ORF1a:V4102A,ORF1b:P314L,ORF1b:G662S,ORF1b:P1000L,ORF1b:M1156I,ORF1b:P1427S,ORF1b:A1918V,ORF3a:S26L,ORF6:L29P,ORF7a:E22D,ORF7a:A105S,ORF7a:T115I,ORF7a:T120I,ORF7b:T40I,ORF8:A65S,ORF9b:T60A,S:T19R,S:G142D,S:E156G,S:P251L,S:G446V,S:L452R,S:T478K,S:T547I,S:D614G,S:P681R,S:Q779H,S:D950N,S:G1167V;54;ORF8:D119-,ORF8:F120-,S:F157-,S:R158-;4;29851;89139;24;3000;0;good;0;10;0;good;0;24;38;158.33333333333334;bad;46;;0;good;0;
SWIFT252231908B_ivar_masked;21A (Delta);711.1111111111112;bad;28;12;0;86;0;3;G210T,C241T,G521T,G526T,A641T,A1132G,G2518T,G2582T,C3037T,A3504T,T3631C,C4068T,G4181T,A4362C,G5437T,G5931A,C6402T,C7124T,C7768T,C8986T,C8991T,G9053T,C9638T,C10029T,C10582T,A11201G,A11332G,G12565T,T12570C,C14408T,C14676T,G15451A,C17410T,A18163G,C19955T,A20055G,C21618T,G21987A,T22200G,G22578A,G22599C,C22674T,T22679C,C22686T,A22688G,G22775A,A22786C,G22813T,T22882G,T22917G,G22992A,C22995A,A23013C,T23018G,A23055G,A23063T,T23075C,A23403G,C23453T,C23525T,T23599G,C23604A,C23854A,G23948T,A24424T,T24469A,C25000T,C25584T,G26391T,T26767C,C26988T,T27287C,G27459T,A27608G,G27706T,C27752T,C27874T,G28086T,A28461G,A28780G,G28881T,G28916T,C29250T,G29402T,G29742T,G29779T;11289-11295,21633-21642,21766-21772,28248-28254,28274;27668:GGAGAACGCAGT;;;Charité_RdRp_F:G15451A,HKU_N_R:C29250T,ChinaCDC_N_F:G28881T;M:I82T,N:M1X,N:D63G,N:R203M,N:G215C,N:P326L,N:D377Y,ORF1a:V86F,ORF1a:E87D,ORF1a:N126Y,ORF1a:A773S,ORF1a:N1080I,ORF1a:A1268V,ORF1a:A1306S,ORF1a:E1366A,ORF1a:E1724D,ORF1a:C1889Y,ORF1a:P2046L,ORF1a:P2287S,ORF1a:A2909V,ORF1a:V2930L,ORF1a:H3125Y,ORF1a:T3255I,ORF1a:T3646A,ORF1a:S3675F,ORF1a:Q4100H,ORF1a:V4102A,ORF1b:P314L,ORF1b:G662S,ORF1b:R1315C,ORF1b:I1566V,ORF1b:T2163I,ORF6:L29P,ORF7a:E22D,ORF7a:K72R,ORF7a:A105S,ORF7a:T120I,ORF7b:T40I,ORF8:A65S,ORF9b:T60A,S:T19I,S:L24S,S:G142D,S:V213G,S:G339D,S:R346T,S:S371F,S:S373P,S:S375F,S:T376A,S:D405N,S:R408S,S:K417N,S:N440K,S:L452R,S:S477N,S:T478K,S:E484A,S:F486V,S:Q498R,S:N501Y,S:Y505H,S:D614G,S:P631S,S:H655Y,S:N679K,S:P681H,S:N764K,S:D796Y,S:Q954H,S:N969K;71;ORF1a:G3676-,ORF1a:F3677-,ORF8:D119-,ORF8:F120-,S:P25-,S:P26-,S:A27-,S:H69-,S:V70-;9;29851;89030;24;3000;0;good;0;10;0;good;0;24;64;266.6666666666667;bad;72;;0;good;0;
SWIFT252231908_ivar_masked;21A (Delta);711.1111111111112;bad;28;12;0;86;0;3;G210T,C241T,G521T,G526T,A641T,A1132G,G2518T,G2582T,C3037T,A3504T,T3631C,C4068T,G4181T,A4362C,G5437T,G5931A,C6402T,C7124T,C7768T,C8986T,C8991T,G9053T,C9638T,C10029T,C10582T,A11201G,A11332G,G12565T,T12570C,C14408T,C14676T,G15451A,C17410T,A18163G,C19955T,A20055G,C21618T,G21987A,T22200G,G22578A,G22599C,C22674T,T22679C,C22686T,A22688G,G22775A,A22786C,G22813T,T22882G,T22917G,G22992A,C22995A,A23013C,T23018G,A23055G,A23063T,T23075C,A23403G,C23453T,C23525T,T23599G,C23604A,C23854A,G23948T,A24424T,T24469A,C25000T,C25584T,G26391T,T26767C,C26988T,T27287C,G27459T,A27608G,G27706T,C27752T,C27874T,G28086T,A28461G,A28780G,G28881T,G28916T,C29250T,G29402T,G29742T,G29779T;11289-11295,21633-21642,21766-21772,28248-28254,28274;27668:GGAGAACGCAGT;;;Charité_RdRp_F:G15451A,HKU_N_R:C29250T,ChinaCDC_N_F:G28881T;M:I82T,N:M1X,N:D63G,N:R203M,N:G215C,N:P326L,N:D377Y,ORF1a:V86F,ORF1a:E87D,ORF1a:N126Y,ORF1a:A773S,ORF1a:N1080I,ORF1a:A1268V,ORF1a:A1306S,ORF1a:E1366A,ORF1a:E1724D,ORF1a:C1889Y,ORF1a:P2046L,ORF1a:P2287S,ORF1a:A2909V,ORF1a:V2930L,ORF1a:H3125Y,ORF1a:T3255I,ORF1a:T3646A,ORF1a:S3675F,ORF1a:Q4100H,ORF1a:V4102A,ORF1b:P314L,ORF1b:G662S,ORF1b:R1315C,ORF1b:I1566V,ORF1b:T2163I,ORF6:L29P,ORF7a:E22D,ORF7a:K72R,ORF7a:A105S,ORF7a:T120I,ORF7b:T40I,ORF8:A65S,ORF9b:T60A,S:T19I,S:L24S,S:G142D,S:V213G,S:G339D,S:R346T,S:S371F,S:S373P,S:S375F,S:T376A,S:D405N,S:R408S,S:K417N,S:N440K,S:L452R,S:S477N,S:T478K,S:E484A,S:F486V,S:Q498R,S:N501Y,S:Y505H,S:D614G,S:P631S,S:H655Y,S:N679K,S:P681H,S:N764K,S:D796Y,S:Q954H,S:N969K;71;ORF1a:G3676-,ORF1a:F3677-,ORF8:D119-,ORF8:F120-,S:P25-,S:P26-,S:A27-,S:H69-,S:V70-;9;29851;89030;24;3000;0;good;0;10;0;good;0;24;64;266.6666666666667;bad;72;;0;good;0;
SWIFT252232642_ivar_masked;21A (Delta);667.361111111111;bad;22;12;1;87;0;3;G210T,C241T,G521T,G526T,A641T,A1132G,G2518T,G2582T,C3037T,A3504T,C4068T,A4079G,G4181T,A4362C,G5437T,G5931A,C6402T,C7124T,C7768T,C8986T,C8991T,G9053T,C9638T,C10029T,C10582T,A11201G,A11332G,C12445T,G12565T,T12570C,C14408T,C14676T,G15451A,C16466T,G16935T,C17746T,C19220T,C19290T,C19524T,C21618T,G21987A,T22200G,G22578A,G22599C,C22674T,T22679C,C22686T,A22688G,G22775A,A22786C,G22813T,T22882G,T22917G,G22992A,C22995A,A23013C,T23018G,A23055G,A23063T,T23075C,A23403G,C23453T,C23525T,T23599G,C23604A,C23854A,G23948T,A24424T,T24469A,C25000T,C25584T,C25614T,T26767C,T27287C,G27459T,A27608G,G27706T,C27752T,C27874T,G28086T,A28461G,A28780G,G28881T,G28916T,C29250T,G29402T,G29779T;21633-21642,21766-21772,28248-28254,28274;27668:GGAGAACGCAGT;29754;;Charité_RdRp_F:G15451A,HKU_N_R:C29250T,ChinaCDC_N_F:G28881T;M:I82T,N:M1X,N:D63G,N:R203M,N:G215C,N:P326L,N:D377Y,ORF1a:V86F,ORF1a:E87D,ORF1a:N126Y,ORF1a:A773S,ORF1a:N1080I,ORF1a:A1268V,ORF1a:S1272G,ORF1a:A1306S,ORF1a:E1366A,ORF1a:E1724D,ORF1a:C1889Y,ORF1a:P2046L,ORF1a:P2287S,ORF1a:A2909V,ORF1a:V2930L,ORF1a:H3125Y,ORF1a:T3255I,ORF1a:T3646A,ORF1a:Q4100H,ORF1a:V4102A,ORF1b:P314L,ORF1b:G662S,ORF1b:P1000L,ORF1b:M1156I,ORF1b:P1427S,ORF1b:A1918V,ORF6:L29P,ORF7a:E22D,ORF7a:K72R,ORF7a:A105S,ORF7a:T120I,ORF7b:T40I,ORF8:A65S,ORF9b:T60A,S:T19I,S:L24S,S:G142D,S:V213G,S:G339D,S:R346T,S:S371F,S:S373P,S:S375F,S:T376A,S:D405N,S:R408S,S:K417N,S:N440K,S:L452R,S:S477N,S:T478K,S:E484A,S:F486V,S:Q498R,S:N501Y,S:Y505H,S:D614G,S:P631S,S:H655Y,S:N679K,S:P681H,S:N764K,S:D796Y,S:Q954H,S:N969K;72;ORF8:D119-,ORF8:F120-,S:P25-,S:P26-,S:A27-,S:H69-,S:V70-;7;29851;89048;24;3000;0;good;1;10;0;good;0;24;62;258.3333333333333;bad;70;;0;good;0;
SWIFT252233393_ivar_masked;21A (Delta);2081.0002777777777;bad;7;12;12342;48;0;2;G210T,C241T,G521T,G526T,A641T,A1132G,G2582T,C3037T,A3504T,G4181T,A4362C,G5437T,C6402T,C7768T,G9053T,C9638T,C10029T,A11201G,G12565T,T12570C,C14408T,C14676T,G14874T,G15451A,C17746T,C19220T,C19290T,G22992A,C22995A,A23403G,C23453T,C23525T,T23599G,C23604A,A24424T,T24469A,C25584T,C25614T,T26767C,G27459T,G27706T,C27752T,C27874T,G28086T,A28461G,G28881T,G28916T,G29402T;21766-21772,28274;27668:GGAGAACGCAGT;1346-1378,1582-1599,1667-1893,2494-2551,2827-2893,3391-3450,3579-3598,3728-4147,4246-4303,4503-4563,4814-4909,5061-5159,5161-5243,5338-5394,5402,5430,5434,5436,5501-6130,6155-6181,6308-6355,6517-6625,6750-7403,7536-7539,7694-7702,7725,7782-7792,7896,7922-7970,8125-8162,8286-8333,8531-8621,8816-9018,9548-9605,10035-10060,10137-10352,10367-10450,10455-10479,10482-10502,10503,10538,10582-10689,10939-11135,11231-11471,12153-12255,12259,12418-12528,12535-12561,12602-12643,12852-13053,13239-13283,13321-13386,13389-13472,13601-13731,13980-14129,14470-14517,14534,14543,14723-14751,14934-15028,15253-15282,15713-15746,15955-16058,16236-16306,16408-16480,16858,16876,16886-17019,17556-17701,18989-19016,19311-19985,20045-20777,20990-21118,21194-21312,21421-21699,21832-21887,21896-22228,22429-22947,22950,22958,23002-23153,23477-23514,23642-24412,24540-24652,24697-24761,24783-25240,25247,25254,25270-25326,25458-25476,25691-26244,26449-26715,26845-26866,26906-26973,26997-27019,27061,27074-27395,27413-27454,27520-27569,27587-27645,28173-28267,28302-28325,28668-28720,28778,28791-28831,28934-29015,29061-29093,29145-29298;;Charité_RdRp_F:G15451A,ChinaCDC_N_F:G28881T;M:I82T,N:M1X,N:D63G,N:R203M,N:G215C,N:D377Y,ORF1a:V86F,ORF1a:E87D,ORF1a:N126Y,ORF1a:A773S,ORF1a:N1080I,ORF1a:A1306S,ORF1a:E1366A,ORF1a:E1724D,ORF1a:P2046L,ORF1a:V2930L,ORF1a:H3125Y,ORF1a:T3255I,ORF1a:T3646A,ORF1a:Q4100H,ORF1a:V4102A,ORF1b:P314L,ORF1b:K469N,ORF1b:G662S,ORF1b:P1427S,ORF1b:A1918V,ORF7a:E22D,ORF7a:A105S,ORF7a:T120I,ORF7b:T40I,ORF8:A65S,ORF9b:T60A,S:S477N,S:T478K,S:D614G,S:P631S,S:H655Y,S:N679K,S:P681H,S:Q954H,S:N969K;41;S:H69-,S:V70-;2;29492;88180;24;3000;446;bad;12342;10;0;good;0;24;23;95.83333333333333;mediocre;31;;0;good;0;
