"Mutation","Freq","AY.NN","BA.5.1","BA.5","BA.5.2","P.AY.NN","P.BA.5.1","P.BA.5","P.BA.5.2","Lineage","Lineage.P","Uniqueness"
"A10164G",8,0,0,8,0,0,0,0.016597510373444,0,"BA.5",1,1
"A10323G",17,6,0,9,2,0.00632244467860906,0,0.0186721991701245,0.0181818181818182,"BA.5",0.529411764705882,0.176470588235294
"A10348G",69,0,0,54,15,0,0,0.112033195020747,0.136363636363636,"BA.5",0.782608695652174,0.565217391304348
"A1078T",3,0,0,3,0,0,0,0.00622406639004149,0,"BA.5",1,1
"A11201G",949,949,0,0,0,1,0,0,0,"AY.NN",1,1
"A11332G",941,941,0,0,0,0.991570073761855,0,0,0,"AY.NN",1,1
"A11332T",5,5,0,0,0,0.00526870389884088,0,0,0,"AY.NN",1,1
"A1137G",3,3,0,0,0,0.00316122233930453,0,0,0,"AY.NN",1,1
"A11559G",3,1,0,2,0,0.00105374077976818,0,0.004149377593361,0,"BA.5",0.666666666666667,0.333333333333333
"A1229G",3,0,0,3,0,0,0,0.00622406639004149,0,"BA.5",1,1
"A122G",4,1,3,0,0,0.00105374077976818,0.0483870967741935,0,0,"BA.5.1",0.75,0.5
"A1230G",3,0,3,0,0,0,0.0483870967741935,0,0,"BA.5.1",1,1
"A12556G",4,4,0,0,0,0.00421496311907271,0,0,0,"AY.NN",1,1
"A13328C",3,3,0,0,0,0.00316122233930453,0,0,0,"AY.NN",1,1
"A13653G",3,0,0,0,3,0,0,0,0.0272727272727273,"BA.5.2",1,1
"A16091G",3,3,0,0,0,0.00316122233930453,0,0,0,"AY.NN",1,1
"A16275G",5,5,0,0,0,0.00526870389884088,0,0,0,"AY.NN",1,1
"A16541G",3,0,3,0,0,0,0.0483870967741935,0,0,"BA.5.1",1,1
"A17799G",7,7,0,0,0,0.00737618545837724,0,0,0,"AY.NN",1,1
"A18163G",652,0,62,480,110,0,1,0.995850622406639,1,"BA.5",0.736196319018405,0.567484662576687
"A19829G",5,5,0,0,0,0.00526870389884088,0,0,0,"AY.NN",1,1
"A20003G",39,39,0,0,0,0.0410958904109589,0,0,0,"AY.NN",1,1
"A2002G",6,6,0,0,0,0.00632244467860906,0,0,0,"AY.NN",1,1
"A20055G",631,5,62,463,101,0.00526870389884088,1,0.960580912863071,0.918181818181818,"BA.5",0.733755942947702,0.573692551505547
"A20481G",7,7,0,0,0,0.00737618545837724,0,0,0,"AY.NN",1,1
"A20547C",35,35,0,0,0,0.0368809272918862,0,0,0,"AY.NN",1,1
"A20675T",3,3,0,0,0,0.00316122233930453,0,0,0,"AY.NN",1,1
"A20713C",6,6,0,0,0,0.00632244467860906,0,0,0,"AY.NN",1,1
"A21018G",4,0,0,0,4,0,0,0,0.0363636363636364,"BA.5.2",1,1
"A21040G",3,3,0,0,0,0.00316122233930453,0,0,0,"AY.NN",1,1
"A21137G",12,6,0,3,3,0.00632244467860906,0,0.00622406639004149,0.0272727272727273,"AY.NN",0.5,0.25
"A21474G",3,3,0,0,0,0.00316122233930453,0,0,0,"AY.NN",1,1
"A22036C",4,0,0,4,0,0,0,0.00829875518672199,0,"BA.5",1,1
"A22688G",652,0,62,480,110,0,1,0.995850622406639,1,"BA.5",0.736196319018405,0.567484662576687
"A22786C",627,0,60,460,107,0,0.967741935483871,0.954356846473029,0.972727272727273,"BA.5",0.733652312599681,0.562998405103668
"A22786T",3,0,0,0,3,0,0,0,0.0272727272727273,"BA.5.2",1,1
"A22941G",4,0,0,2,2,0,0,0.004149377593361,0.0181818181818182,"BA.5",0.5,0
"A23013C",654,0,62,482,110,0,1,1,1,"BA.5",0.737003058103976,0.568807339449541
"A23055G",654,0,62,482,110,0,1,1,1,"BA.5",0.737003058103976,0.568807339449541
"A23063T",654,0,62,482,110,0,1,1,1,"BA.5",0.737003058103976,0.568807339449541
"A23403G",1600,946,62,482,110,0.996838777660696,1,1,1,"AY.NN",0.59125,0.29
"A23764T",4,0,0,4,0,0,0,0.00829875518672199,0,"BA.5",1,1
"A24287G",7,7,0,0,0,0.00737618545837724,0,0,0,"AY.NN",1,1
"A24424T",654,0,62,482,110,0,1,1,1,"BA.5",0.737003058103976,0.568807339449541
"A24895G",4,4,0,0,0,0.00421496311907271,0,0,0,"AY.NN",1,1
"A25697G",14,14,0,0,0,0.0147523709167545,0,0,0,"AY.NN",1,1
"A25973G",3,0,0,1,2,0,0,0.0020746887966805,0.0181818181818182,"BA.5.2",0.666666666666667,0.333333333333333
"A26003T",6,6,0,0,0,0.00632244467860906,0,0,0,"AY.NN",1,1
"A26295T",8,0,0,3,5,0,0,0.00622406639004149,0.0454545454545455,"BA.5.2",0.625,0.25
"A26319G",20,20,0,0,0,0.0210748155953635,0,0,0,"AY.NN",1,1
"A26328G",10,10,0,0,0,0.0105374077976818,0,0,0,"AY.NN",1,1
"A26981G",3,0,0,3,0,0,0,0.00622406639004149,0,"BA.5",1,1
"A27038G",3,0,0,3,0,0,0,0.00622406639004149,0,"BA.5",1,1
"A27369G",12,12,0,0,0,0.0126448893572181,0,0,0,"AY.NN",1,1
"A27383T",4,3,0,0,1,0.00316122233930453,0,0,0.00909090909090909,"AY.NN",0.75,0.5
"A27973G",3,2,0,0,1,0.00210748155953635,0,0,0.00909090909090909,"AY.NN",0.666666666666667,0.333333333333333
"A2825G",6,6,0,0,0,0.00632244467860906,0,0,0,"AY.NN",1,1
"A28271T",653,0,61,482,110,0,0.983870967741935,1,1,"BA.5",0.738131699846861,0.569678407350689
"A28330G",17,0,0,12,5,0,0,0.024896265560166,0.0454545454545455,"BA.5",0.705882352941176,0.411764705882353
"A28359T",3,0,0,3,0,0,0,0.00622406639004149,0,"BA.5",1,1
"A28363T",3,0,0,3,0,0,0,0.00622406639004149,0,"BA.5",1,1
"A28370G",5,0,0,5,0,0,0,0.0103734439834025,0,"BA.5",1,1
"A28389T",3,3,0,0,0,0.00316122233930453,0,0,0,"AY.NN",1,1
"A28461G",798,798,0,0,0,0.840885142255005,0,0,0,"AY.NN",1,1
"A2907G",15,15,0,0,0,0.0158061116965227,0,0,0,"AY.NN",1,1
"A29188T",15,15,0,0,0,0.0158061116965227,0,0,0,"AY.NN",1,1
"A29510C",651,0,62,479,110,0,1,0.993775933609959,1,"BA.5",0.7357910906298,0.566820276497696
"A29526C",3,3,0,0,0,0.00316122233930453,0,0,0,"AY.NN",1,1
"A29700G",12,8,0,3,1,0.00842992623814542,0,0.00622406639004149,0.00909090909090909,"AY.NN",0.666666666666667,0.416666666666667
"A3181G",3,0,0,3,0,0,0,0.00622406639004149,0,"BA.5",1,1
"A3234G",4,4,0,0,0,0.00421496311907271,0,0,0,"AY.NN",1,1
"A3291G",5,5,0,0,0,0.00526870389884088,0,0,0,"AY.NN",1,1
"A3423C",8,0,0,8,0,0,0,0.016597510373444,0,"BA.5",1,1
"A4282G",8,1,0,7,0,0.00105374077976818,0,0.0145228215767635,0,"BA.5",0.875,0.75
"A4595G",8,0,5,3,0,0,0.0806451612903226,0.00622406639004149,0,"BA.5.1",0.625,0.25
"A4992G",6,6,0,0,0,0.00632244467860906,0,0,0,"AY.NN",1,1
"A5401C",9,9,0,0,0,0.00948366701791359,0,0,0,"AY.NN",1,1
"A5703C",6,6,0,0,0,0.00632244467860906,0,0,0,"AY.NN",1,1
"A6551C",81,0,0,81,0,0,0,0.16804979253112,0,"BA.5",1,1
"A6610C",3,0,3,0,0,0,0.0483870967741935,0,0,"BA.5.1",1,1
"A6616G",3,1,2,0,0,0.00105374077976818,0.032258064516129,0,0,"BA.5.1",0.666666666666667,0.333333333333333
"A7079C",4,4,0,0,0,0.00421496311907271,0,0,0,"AY.NN",1,1
"A7519G",5,5,0,0,0,0.00526870389884088,0,0,0,"AY.NN",1,1
"A7854G",3,3,0,0,0,0.00316122233930453,0,0,0,"AY.NN",1,1
"A810G",12,12,0,0,0,0.0126448893572181,0,0,0,"AY.NN",1,1
"A9241G",13,13,0,0,0,0.0136986301369863,0,0,0,"AY.NN",1,1
"A9313G",3,3,0,0,0,0.00316122233930453,0,0,0,"AY.NN",1,1
"A9424G",652,0,62,480,110,0,1,0.995850622406639,1,"BA.5",0.736196319018405,0.567484662576687
"A9922C",3,3,0,0,0,0.00316122233930453,0,0,0,"AY.NN",1,1
"C10029T",1603,949,62,482,110,1,1,1,1,"AY.NN",0.592014971927636,0.291328758577667
"C10138T",26,25,0,1,0,0.0263435194942044,0,0.0020746887966805,0,"AY.NN",0.961538461538462,0.923076923076923
"C10198T",654,0,62,482,110,0,1,1,1,"BA.5",0.737003058103976,0.568807339449541
"C10226T",11,11,0,0,0,0.0115911485774499,0,0,0,"AY.NN",1,1
"C10332T",15,14,0,1,0,0.0147523709167545,0,0.0020746887966805,0,"AY.NN",0.933333333333333,0.866666666666667
"C10341T",5,0,0,5,0,0,0,0.0103734439834025,0,"BA.5",1,1
"C10369T",4,3,0,0,1,0.00316122233930453,0,0,0.00909090909090909,"AY.NN",0.75,0.5
"C10416T",35,0,0,33,2,0,0,0.0684647302904564,0.0181818181818182,"BA.5",0.942857142857143,0.885714285714286
"C10440T",5,5,0,0,0,0.00526870389884088,0,0,0,"AY.NN",1,1
"C10449A",654,0,62,482,110,0,1,1,1,"BA.5",0.737003058103976,0.568807339449541
"C10507T",3,3,0,0,0,0.00316122233930453,0,0,0,"AY.NN",1,1
"C10525T",4,0,1,0,3,0,0.0161290322580645,0,0.0272727272727273,"BA.5.2",0.75,0.5
"C1057T",4,0,0,4,0,0,0,0.00829875518672199,0,"BA.5",1,1
"C1059T",3,2,0,0,1,0.00210748155953635,0,0,0.00909090909090909,"AY.NN",0.666666666666667,0.333333333333333
"C10741A",6,6,0,0,0,0.00632244467860906,0,0,0,"AY.NN",1,1
"C10798T",15,0,2,13,0,0,0.032258064516129,0.0269709543568465,0,"BA.5",0.866666666666667,0.733333333333334
"C11006T",3,0,0,3,0,0,0,0.00622406639004149,0,"BA.5",1,1
"C11020T",7,5,0,1,1,0.00526870389884088,0,0.0020746887966805,0.00909090909090909,"AY.NN",0.714285714285714,0.571428571428571
"C11109T",20,20,0,0,0,0.0210748155953635,0,0,0,"AY.NN",1,1
"C11200T",5,1,0,2,2,0.00105374077976818,0,0.004149377593361,0.0181818181818182,"BA.5",0.4,0
"C11455T",5,5,0,0,0,0.00526870389884088,0,0,0,"AY.NN",1,1
"C11572T",4,4,0,0,0,0.00421496311907271,0,0,0,"AY.NN",1,1
"C11653T",5,0,0,1,4,0,0,0.0020746887966805,0.0363636363636364,"BA.5.2",0.8,0.6
"C11665T",5,0,5,0,0,0,0.0806451612903226,0,0,"BA.5.1",1,1
"C1191T",50,49,0,1,0,0.0516332982086407,0,0.0020746887966805,0,"AY.NN",0.98,0.96
"C12049T",4,0,0,2,2,0,0,0.004149377593361,0.0181818181818182,"BA.5",0.5,0
"C12115T",3,3,0,0,0,0.00316122233930453,0,0,0,"AY.NN",1,1
"C12484T",5,5,0,0,0,0.00526870389884088,0,0,0,"AY.NN",1,1
"C12513T",3,0,0,3,0,0,0,0.00622406639004149,0,"BA.5",1,1
"C12559T",4,4,0,0,0,0.00421496311907271,0,0,0,"AY.NN",1,1
"C1267T",5,0,0,5,0,0,0,0.0103734439834025,0,"BA.5",1,1
"C12710T",42,0,0,42,0,0,0,0.0871369294605809,0,"BA.5",1,1
"C12741T",19,18,0,1,0,0.0189673340358272,0,0.0020746887966805,0,"AY.NN",0.947368421052632,0.894736842105263
"C12747T",18,1,2,15,0,0.00105374077976818,0.032258064516129,0.0311203319502075,0,"BA.5",0.833333333333333,0.722222222222222
"C12784T",60,0,0,8,52,0,0,0.016597510373444,0.472727272727273,"BA.5.2",0.866666666666667,0.733333333333333
"C12789T",5,1,0,2,2,0.00105374077976818,0,0.004149377593361,0.0181818181818182,"BA.5",0.4,0
"C12880T",654,0,62,482,110,0,1,1,1,"BA.5",0.737003058103976,0.568807339449541
"C12897T",6,0,0,6,0,0,0,0.012448132780083,0,"BA.5",1,1
"C13011T",7,7,0,0,0,0.00737618545837724,0,0,0,"AY.NN",1,1
"C1302T",3,0,0,0,3,0,0,0,0.0272727272727273,"BA.5.2",1,1
"C13051T",3,2,0,0,1,0.00210748155953635,0,0,0.00909090909090909,"AY.NN",0.666666666666667,0.333333333333333
"C13059T",7,7,0,0,0,0.00737618545837724,0,0,0,"AY.NN",1,1
"C13335T",38,0,0,34,4,0,0,0.0705394190871369,0.0363636363636364,"BA.5",0.894736842105263,0.789473684210526
"C13944T",58,2,0,56,0,0.00210748155953635,0,0.116182572614108,0,"BA.5",0.96551724137931,0.931034482758621
"C140T",6,6,0,0,0,0.00632244467860906,0,0,0,"AY.NN",1,1
"C14183T",13,13,0,0,0,0.0136986301369863,0,0,0,"AY.NN",1,1
"C14184T",18,0,0,18,0,0,0,0.037344398340249,0,"BA.5",1,1
"C1437T",3,0,0,3,0,0,0,0.00622406639004149,0,"BA.5",1,1
"C14408T",1601,947,62,482,110,0.997892518440464,1,1,1,"AY.NN",0.591505309181761,0.290443472829482
"C14520T",11,0,0,11,0,0,0,0.0228215767634855,0,"BA.5",1,1
"C1457T",42,42,0,0,0,0.0442571127502634,0,0,0,"AY.NN",1,1
"C14676T",16,16,0,0,0,0.0168598524762908,0,0,0,"AY.NN",1,1
"C14708T",5,0,3,2,0,0,0.0483870967741935,0.004149377593361,0,"BA.5.1",0.6,0.2
"C1473T",6,6,0,0,0,0.00632244467860906,0,0,0,"AY.NN",1,1
"C14925T",5,3,0,2,0,0.00316122233930453,0,0.004149377593361,0,"AY.NN",0.6,0.2
"C14932T",6,6,0,0,0,0.00632244467860906,0,0,0,"AY.NN",1,1
"C1498T",48,0,0,48,0,0,0,0.0995850622406639,0,"BA.5",1,1
"C15280T",5,5,0,0,0,0.00526870389884088,0,0,0,"AY.NN",1,1
"C15324T",13,4,0,9,0,0.00421496311907271,0,0.0186721991701245,0,"BA.5",0.692307692307692,0.384615384615385
"C15540T",3,0,3,0,0,0,0.0483870967741935,0,0,"BA.5.1",1,1
"C15714T",654,0,62,482,110,0,1,1,1,"BA.5",0.737003058103976,0.568807339449541
"C15857T",4,0,0,4,0,0,0,0.00829875518672199,0,"BA.5",1,1
"C15925T",43,0,0,43,0,0,0,0.0892116182572614,0,"BA.5",1,1
"C16092T",3,3,0,0,0,0.00316122233930453,0,0,0,"AY.NN",1,1
"C1627T",171,1,0,72,98,0.00105374077976818,0,0.149377593360996,0.890909090909091,"BA.5.2",0.573099415204678,0.152046783625731
"C16329T",4,0,2,1,1,0,0.032258064516129,0.0020746887966805,0.00909090909090909,"BA.5.1",0.5,0.25
"C16394T",8,4,0,0,4,0.00421496311907271,0,0,0.0363636363636364,"BA.5.2",0.5,1.11022302462516e-16
"C16466A",48,48,0,0,0,0.0505795574288725,0,0,0,"AY.NN",1,1
"C16466T",901,901,0,0,0,0.949420442571127,0,0,0,"AY.NN",1,1
"C16699T",3,3,0,0,0,0.00316122233930453,0,0,0,"AY.NN",1,1
"C17172A",4,0,0,3,1,0,0,0.00622406639004149,0.00909090909090909,"BA.5",0.75,0.5
"C17285T",4,3,0,1,0,0.00316122233930453,0,0.0020746887966805,0,"AY.NN",0.75,0.5
"C17304T",3,3,0,0,0,0.00316122233930453,0,0,0,"AY.NN",1,1
"C17410T",654,0,62,482,110,0,1,1,1,"BA.5",0.737003058103976,0.568807339449541
"C17703T",6,6,0,0,0,0.00632244467860906,0,0,0,"AY.NN",1,1
"C17762T",3,1,0,2,0,0.00105374077976818,0,0.004149377593361,0,"BA.5",0.666666666666667,0.333333333333333
"C17976T",3,0,0,0,3,0,0,0,0.0272727272727273,"BA.5.2",1,1
"C17977T",4,1,0,3,0,0.00105374077976818,0,0.00622406639004149,0,"BA.5",0.75,0.5
"C1800T",3,3,0,0,0,0.00316122233930453,0,0,0,"AY.NN",1,1
"C18029T",6,6,0,0,0,0.00632244467860906,0,0,0,"AY.NN",1,1
"C18348T",21,4,0,17,0,0.00421496311907271,0,0.0352697095435685,0,"BA.5",0.80952380952381,0.619047619047619
"C18377T",5,5,0,0,0,0.00526870389884088,0,0,0,"AY.NN",1,1
"C18395T",55,0,0,55,0,0,0,0.114107883817427,0,"BA.5",1,1
"C18591G",5,5,0,0,0,0.00526870389884088,0,0,0,"AY.NN",1,1
"C18657T",3,3,0,0,0,0.00316122233930453,0,0,0,"AY.NN",1,1
"C19011T",10,0,0,9,1,0,0,0.0186721991701245,0.00909090909090909,"BA.5",0.9,0.8
"C19220T",944,944,0,0,0,0.994731296101159,0,0,0,"AY.NN",1,1
"C19263T",11,11,0,0,0,0.0115911485774499,0,0,0,"AY.NN",1,1
"C19269T",4,3,0,1,0,0.00316122233930453,0,0.0020746887966805,0,"AY.NN",0.75,0.5
"C1931A",4,0,0,4,0,0,0,0.00829875518672199,0,"BA.5",1,1
"C19374T",3,0,0,3,0,0,0,0.00622406639004149,0,"BA.5",1,1
"C19524T",734,734,0,0,0,0.773445732349842,0,0,0,"AY.NN",1,1
"C1968T",3,1,0,2,0,0.00105374077976818,0,0.004149377593361,0,"BA.5",0.666666666666667,0.333333333333333
"C1973T",4,1,0,3,0,0.00105374077976818,0,0.00622406639004149,0,"BA.5",0.75,0.5
"C19862T",3,3,0,0,0,0.00316122233930453,0,0,0,"AY.NN",1,1
"C19875T",82,82,0,0,0,0.0864067439409905,0,0,0,"AY.NN",1,1
"C19884T",7,0,0,7,0,0,0,0.0145228215767635,0,"BA.5",1,1
"C19955T",659,16,62,471,110,0.0168598524762908,1,0.977178423236514,1,"BA.5",0.714719271623672,0.547799696509863
"C19983T",18,14,0,1,3,0.0147523709167545,0,0.0020746887966805,0.0272727272727273,"AY.NN",0.777777777777778,0.611111111111111
"C20016T",3,3,0,0,0,0.00316122233930453,0,0,0,"AY.NN",1,1
"C20104T",16,16,0,0,0,0.0168598524762908,0,0,0,"AY.NN",1,1
"C20233T",27,27,0,0,0,0.0284510010537408,0,0,0,"AY.NN",1,1
"C20235T",3,1,0,2,0,0.00105374077976818,0,0.004149377593361,0,"BA.5",0.666666666666667,0.333333333333333
"C20290T",4,4,0,0,0,0.00421496311907271,0,0,0,"AY.NN",1,1
"C20312T",3,3,0,0,0,0.00316122233930453,0,0,0,"AY.NN",1,1
"C203T",9,9,0,0,0,0.00948366701791359,0,0,0,"AY.NN",1,1
"C20555T",4,3,0,1,0,0.00316122233930453,0,0.0020746887966805,0,"AY.NN",0.75,0.5
"C20594T",78,0,0,78,0,0,0,0.161825726141079,0,"BA.5",1,1
"C20628T",8,7,0,0,1,0.00737618545837724,0,0,0.00909090909090909,"AY.NN",0.875,0.75
"C2062T",4,4,0,0,0,0.00421496311907271,0,0,0,"AY.NN",1,1
"C20844T",47,0,0,47,0,0,0,0.0975103734439834,0,"BA.5",1,1
"C20930T",4,3,0,1,0,0.00316122233930453,0,0.0020746887966805,0,"AY.NN",0.75,0.5
"C21058T",4,4,0,0,0,0.00421496311907271,0,0,0,"AY.NN",1,1
"C2106T",8,8,0,0,0,0.00842992623814542,0,0,0,"AY.NN",1,1
"C21110T",3,2,0,1,0,0.00210748155953635,0,0.0020746887966805,0,"AY.NN",0.666666666666667,0.333333333333333
"C2113T",41,0,0,41,0,0,0,0.0850622406639004,0,"BA.5",1,1
"C21219T",52,2,0,50,0,0.00210748155953635,0,0.103734439834025,0,"BA.5",0.961538461538462,0.923076923076923
"C21364T",8,8,0,0,0,0.00842992623814542,0,0,0,"AY.NN",1,1
"C21575T",45,31,5,5,4,0.0326659641728135,0.0806451612903226,0.0103734439834025,0.0363636363636364,"AY.NN",0.688888888888889,0.577777777777778
"C21614T",27,27,0,0,0,0.0284510010537408,0,0,0,"AY.NN",1,1
"C21618G",932,932,0,0,0,0.982086406743941,0,0,0,"AY.NN",1,1
"C21618T",647,0,62,475,110,0,1,0.985477178423237,1,"BA.5",0.734157650695518,0.564142194744977
"C21658T",16,16,0,0,0,0.0168598524762908,0,0,0,"AY.NN",1,1
"C21762T",3,0,0,3,0,0,0,0.00622406639004149,0,"BA.5",1,1
"C21789T",3,3,0,0,0,0.00316122233930453,0,0,0,"AY.NN",1,1
"C21812T",11,8,0,0,3,0.00842992623814542,0,0,0.0272727272727273,"AY.NN",0.727272727272727,0.454545454545454
"C21843T",7,0,0,0,7,0,0,0,0.0636363636363636,"BA.5.2",1,1
"C21844T",4,4,0,0,0,0.00421496311907271,0,0,0,"AY.NN",1,1
"C21846T",3,3,0,0,0,0.00316122233930453,0,0,0,"AY.NN",1,1
"C21855T",18,18,0,0,0,0.0189673340358272,0,0,0,"AY.NN",1,1
"C22120T",18,18,0,0,0,0.0189673340358272,0,0,0,"AY.NN",1,1
"C22314T",941,941,0,0,0,0.991570073761855,0,0,0,"AY.NN",1,1
"C22326T",51,0,0,51,0,0,0,0.105809128630705,0,"BA.5",1,1
"C2232T",3,0,0,3,0,0,0,0.00622406639004149,0,"BA.5",1,1
"C22450T",19,0,0,19,0,0,0,0.0394190871369295,0,"BA.5",1,1
"C22480T",6,6,0,0,0,0.00632244467860906,0,0,0,"AY.NN",1,1
"C22498T",4,2,0,2,0,0.00210748155953635,0,0.004149377593361,0,"BA.5",0.5,1.11022302462516e-16
"C22674T",651,0,62,479,110,0,1,0.993775933609959,1,"BA.5",0.7357910906298,0.566820276497696
"C22686T",652,0,62,480,110,0,1,0.995850622406639,1,"BA.5",0.736196319018405,0.567484662576687
"C22687G",4,4,0,0,0,0.00421496311907271,0,0,0,"AY.NN",1,1
"C22879T",6,6,0,0,0,0.00632244467860906,0,0,0,"AY.NN",1,1
"C22995A",1591,937,62,482,110,0.987355110642782,1,1,1,"AY.NN",0.588937774984287,0.285983658076681
"C23277T",4,4,0,0,0,0.00421496311907271,0,0,0,"AY.NN",1,1
"C23423T",5,5,0,0,0,0.00526870389884088,0,0,0,"AY.NN",1,1
"C23481T",7,7,0,0,0,0.00737618545837724,0,0,0,"AY.NN",1,1
"C23525T",654,0,62,482,110,0,1,1,1,"BA.5",0.737003058103976,0.568807339449541
"C23595T",4,0,0,4,0,0,0,0.00829875518672199,0,"BA.5",1,1
"C23604A",654,0,62,482,110,0,1,1,1,"BA.5",0.737003058103976,0.568807339449541
"C23604G",949,949,0,0,0,1,0,0,0,"AY.NN",1,1
"C23625T",5,4,1,0,0,0.00421496311907271,0.0161290322580645,0,0,"AY.NN",0.8,0.6
"C23854A",650,0,61,479,110,0,0.983870967741935,0.993775933609959,1,"BA.5",0.736923076923077,0.567692307692308
"C23987T",11,0,0,3,8,0,0,0.00622406639004149,0.0727272727272727,"BA.5.2",0.727272727272727,0.454545454545455
"C23996T",3,2,0,0,1,0.00210748155953635,0,0,0.00909090909090909,"AY.NN",0.666666666666667,0.333333333333333
"C24026T",5,5,0,0,0,0.00526870389884088,0,0,0,"AY.NN",1,1
"C24083T",3,0,0,3,0,0,0,0.00622406639004149,0,"BA.5",1,1
"C24130T",12,12,0,0,0,0.0126448893572181,0,0,0,"AY.NN",1,1
"C24138T",11,11,0,0,0,0.0115911485774499,0,0,0,"AY.NN",1,1
"C241T",1552,940,56,453,103,0.990516332982086,0.903225806451613,0.939834024896266,0.936363636363636,"AY.NN",0.605670103092783,0.313788659793814
"C2469T",4,4,0,0,0,0.00421496311907271,0,0,0,"AY.NN",1,1
"C24718T",3,3,0,0,0,0.00316122233930453,0,0,0,"AY.NN",1,1
"C24748T",17,17,0,0,0,0.017913593256059,0,0,0,"AY.NN",1,1
"C24824T",4,0,0,0,4,0,0,0,0.0363636363636364,"BA.5.2",1,1
"C2485T",54,1,0,52,1,0.00105374077976818,0,0.107883817427386,0.00909090909090909,"BA.5",0.962962962962963,0.944444444444445
"C24865T",5,0,0,5,0,0,0,0.0103734439834025,0,"BA.5",1,1
"C24912T",5,4,0,1,0,0.00421496311907271,0,0.0020746887966805,0,"AY.NN",0.8,0.6
"C25000T",603,0,59,436,108,0,0.951612903225806,0.904564315352697,0.981818181818182,"BA.5",0.723051409618574,0.543946932006634
"C25006T",3,3,0,0,0,0.00316122233930453,0,0,0,"AY.NN",1,1
"C25100A",4,4,0,0,0,0.00421496311907271,0,0,0,"AY.NN",1,1
"C25413T",7,0,0,7,0,0,0,0.0145228215767635,0,"BA.5",1,1
"C25469T",940,940,0,0,0,0.990516332982086,0,0,0,"AY.NN",1,1
"C25513T",82,82,0,0,0,0.0864067439409905,0,0,0,"AY.NN",1,1
"C25571T",3,1,0,2,0,0.00105374077976818,0,0.004149377593361,0,"BA.5",0.666666666666667,0.333333333333333
"C25572A",3,3,0,0,0,0.00316122233930453,0,0,0,"AY.NN",1,1
"C25584T",654,0,62,482,110,0,1,1,1,"BA.5",0.737003058103976,0.568807339449541
"C25587T",6,6,0,0,0,0.00632244467860906,0,0,0,"AY.NN",1,1
"C25614T",3,2,1,0,0,0.00210748155953635,0.0161290322580645,0,0,"AY.NN",0.666666666666667,0.333333333333333
"C25624T",8,8,0,0,0,0.00842992623814542,0,0,0,"AY.NN",1,1
"C25672T",6,6,0,0,0,0.00632244467860906,0,0,0,"AY.NN",1,1
"C25710T",4,0,0,3,1,0,0,0.00622406639004149,0.00909090909090909,"BA.5",0.75,0.5
"C25734T",3,3,0,0,0,0.00316122233930453,0,0,0,"AY.NN",1,1
"C25824A",47,47,0,0,0,0.0495258166491043,0,0,0,"AY.NN",1,1
"C25896T",7,6,0,0,1,0.00632244467860906,0,0,0.00909090909090909,"AY.NN",0.857142857142857,0.714285714285714
"C26004T",5,5,0,0,0,0.00526870389884088,0,0,0,"AY.NN",1,1
"C26058T",4,2,0,0,2,0.00210748155953635,0,0,0.0181818181818182,"BA.5.2",0.5,1.11022302462516e-16
"C26060T",661,7,62,482,110,0.00737618545837724,1,1,1,"BA.5",0.729198184568835,0.562783661119516
"C26110T",4,0,0,4,0,0,0,0.00829875518672199,0,"BA.5",1,1
"C26204T",4,4,0,0,0,0.00421496311907271,0,0,0,"AY.NN",1,1
"C26208T",3,0,3,0,0,0,0.0483870967741935,0,0,"BA.5.1",1,1
"C26270T",651,0,62,479,110,0,1,0.993775933609959,1,"BA.5",0.7357910906298,0.566820276497696
"C2650T",3,0,0,3,0,0,0,0.00622406639004149,0,"BA.5",1,1
"C26570T",4,0,4,0,0,0,0.0645161290322581,0,0,"BA.5.1",1,1
"C26577G",597,0,59,431,107,0,0.951612903225806,0.894190871369295,0.972727272727273,"BA.5",0.721943048576214,0.542713567839196
"C26801T",6,5,0,1,0,0.00526870389884088,0,0.0020746887966805,0,"AY.NN",0.833333333333333,0.666666666666667
"C26895T",3,3,0,0,0,0.00316122233930453,0,0,0,"AY.NN",1,1
"C2695T",11,11,0,0,0,0.0115911485774499,0,0,0,"AY.NN",1,1
"C27002T",4,4,0,0,0,0.00421496311907271,0,0,0,"AY.NN",1,1
"C27012T",5,0,0,0,5,0,0,0,0.0454545454545455,"BA.5.2",1,1
"C2701T",8,8,0,0,0,0.00842992623814542,0,0,0,"AY.NN",1,1
"C27230A",3,3,0,0,0,0.00316122233930453,0,0,0,"AY.NN",1,1
"C27247T",5,0,0,0,5,0,0,0,0.0454545454545455,"BA.5.2",1,1
"C27294T",21,3,2,16,0,0.00316122233930453,0.032258064516129,0.033195020746888,0,"BA.5",0.761904761904762,0.619047619047619
"C27297T",3,3,0,0,0,0.00316122233930453,0,0,0,"AY.NN",1,1
"C27389T",89,1,0,13,75,0.00105374077976818,0,0.0269709543568465,0.681818181818182,"BA.5.2",0.842696629213483,0.696629213483146
"C27393T",22,14,0,8,0,0.0147523709167545,0,0.016597510373444,0,"AY.NN",0.636363636363636,0.272727272727273
"C27476G",11,11,0,0,0,0.0115911485774499,0,0,0,"AY.NN",1,1
"C27476T",15,5,0,7,3,0.00526870389884088,0,0.0145228215767635,0.0272727272727273,"BA.5",0.466666666666667,0.133333333333333
"C274T",3,3,0,0,0,0.00316122233930453,0,0,0,"AY.NN",1,1
"C27513T",10,4,1,0,5,0.00421496311907271,0.0161290322580645,0,0.0454545454545455,"BA.5.2",0.5,0.1
"C27532A",4,1,0,0,3,0.00105374077976818,0,0,0.0272727272727273,"BA.5.2",0.75,0.5
"C27532T",3,0,0,2,1,0,0,0.004149377593361,0.00909090909090909,"BA.5",0.666666666666667,0.333333333333333
"C27559A",3,3,0,0,0,0.00316122233930453,0,0,0,"AY.NN",1,1
"C27577T",6,0,0,1,5,0,0,0.0020746887966805,0.0454545454545455,"BA.5.2",0.833333333333333,0.666666666666667
"C27635T",11,11,0,0,0,0.0115911485774499,0,0,0,"AY.NN",1,1
"C27684T",3,0,0,1,2,0,0,0.0020746887966805,0.0181818181818182,"BA.5.2",0.666666666666667,0.333333333333333
"C27737T",3,3,0,0,0,0.00316122233930453,0,0,0,"AY.NN",1,1
"C27752T",930,928,0,2,0,0.977871443624868,0,0.004149377593361,0,"AY.NN",0.997849462365591,0.995698924731183
"C27807T",648,0,61,477,110,0,0.983870967741935,0.989626556016598,1,"BA.5",0.736111111111111,0.566358024691358
"C27874T",940,940,0,0,0,0.990516332982086,0,0,0,"AY.NN",1,1
"C27889T",455,0,32,315,108,0,0.516129032258065,0.653526970954357,0.981818181818182,"BA.5",0.692307692307692,0.454945054945055
"C2790T",653,0,62,481,110,0,1,0.99792531120332,1,"BA.5",0.736600306278714,0.568147013782542
"C27923T",13,13,0,0,0,0.0136986301369863,0,0,0,"AY.NN",1,1
"C27944T",3,0,0,3,0,0,0,0.00622406639004149,0,"BA.5",1,1
"C27945T",17,0,0,16,1,0,0,0.033195020746888,0.00909090909090909,"BA.5",0.941176470588235,0.882352941176471
"C28087T",38,38,0,0,0,0.0400421496311907,0,0,0,"AY.NN",1,1
"C28093T",8,8,0,0,0,0.00842992623814542,0,0,0,"AY.NN",1,1
"C28164T",3,3,0,0,0,0.00316122233930453,0,0,0,"AY.NN",1,1
"C28253A",4,4,0,0,0,0.00421496311907271,0,0,0,"AY.NN",1,1
"C28269A",6,6,0,0,0,0.00632244467860906,0,0,0,"AY.NN",1,1
"C28291T",4,0,0,0,4,0,0,0,0.0363636363636364,"BA.5.2",1,1
"C28311T",650,0,61,479,110,0,0.983870967741935,0.993775933609959,1,"BA.5",0.736923076923077,0.567692307692308
"C28312T",4,0,0,3,1,0,0,0.00622406639004149,0.00909090909090909,"BA.5",0.75,0.5
"C28419T",51,0,0,51,0,0,0,0.105809128630705,0,"BA.5",1,1
"C28422T",3,0,0,3,0,0,0,0.00622406639004149,0,"BA.5",1,1
"C2847T",6,6,0,0,0,0.00632244467860906,0,0,0,"AY.NN",1,1
"C28519T",3,0,0,1,2,0,0,0.0020746887966805,0.0181818181818182,"BA.5.2",0.666666666666667,0.333333333333333
"C28674T",8,8,0,0,0,0.00842992623814542,0,0,0,"AY.NN",1,1
"C28708T",3,0,0,2,1,0,0,0.004149377593361,0.00909090909090909,"BA.5",0.666666666666667,0.333333333333333
"C28720T",7,7,0,0,0,0.00737618545837724,0,0,0,"AY.NN",1,1
"C28724T",10,9,1,0,0,0.00948366701791359,0.0161290322580645,0,0,"AY.NN",0.9,0.8
"C28732T",3,0,0,3,0,0,0,0.00622406639004149,0,"BA.5",1,1
"C28868T",22,2,0,20,0,0.00210748155953635,0,0.04149377593361,0,"BA.5",0.909090909090909,0.818181818181818
"C29077T",23,0,0,20,3,0,0,0.04149377593361,0.0272727272727273,"BA.5",0.869565217391304,0.739130434782609
"C29085T",5,2,0,3,0,0.00210748155953635,0,0.00622406639004149,0,"BA.5",0.6,0.2
"C29171T",6,6,0,0,0,0.00632244467860906,0,0,0,"AY.NN",1,1
"C29249T",8,8,0,0,0,0.00842992623814542,0,0,0,"AY.NN",1,1
"C29253T",4,1,3,0,0,0.00105374077976818,0.0483870967741935,0,0,"BA.5.1",0.75,0.5
"C29296T",3,1,0,2,0,0.00105374077976818,0,0.004149377593361,0,"BA.5",0.666666666666667,0.333333333333333
"C29311T",9,8,0,1,0,0.00842992623814542,0,0.0020746887966805,0,"AY.NN",0.888888888888889,0.777777777777778
"C29367T",3,0,0,3,0,0,0,0.00622406639004149,0,"BA.5",1,1
"C29370T",4,0,0,4,0,0,0,0.00829875518672199,0,"BA.5",1,1
"C29409T",16,16,0,0,0,0.0168598524762908,0,0,0,"AY.NN",1,1
"C29509T",4,4,0,0,0,0.00421496311907271,0,0,0,"AY.NN",1,1
"C29530T",4,0,3,1,0,0,0.0483870967741935,0.0020746887966805,0,"BA.5.1",0.75,0.5
"C29545T",13,13,0,0,0,0.0136986301369863,0,0,0,"AY.NN",1,1
"C29555T",3,2,0,1,0,0.00210748155953635,0,0.0020746887966805,0,"AY.NN",0.666666666666667,0.333333333333333
"C29614T",4,0,0,4,0,0,0,0.00829875518672199,0,"BA.5",1,1
"C29642T",9,8,0,1,0,0.00842992623814542,0,0.0020746887966805,0,"AY.NN",0.888888888888889,0.777777777777778
"C29659T",4,4,0,0,0,0.00421496311907271,0,0,0,"AY.NN",1,1
"C29666T",18,1,11,6,0,0.00105374077976818,0.17741935483871,0.012448132780083,0,"BA.5.1",0.611111111111111,0.277777777777778
"C29670T",6,2,4,0,0,0.00210748155953635,0.0645161290322581,0,0,"BA.5.1",0.666666666666667,0.333333333333333
"C29686T",11,0,0,3,8,0,0,0.00622406639004149,0.0727272727272727,"BA.5.2",0.727272727272727,0.454545454545455
"C29738T",8,8,0,0,0,0.00842992623814542,0,0,0,"AY.NN",1,1
"C29769T",4,0,0,3,1,0,0,0.00622406639004149,0.00909090909090909,"BA.5",0.75,0.5
"C29774T",3,0,0,1,2,0,0,0.0020746887966805,0.0181818181818182,"BA.5.2",0.666666666666667,0.333333333333333
"C3037T",1595,941,62,482,110,0.991570073761855,1,1,1,"AY.NN",0.589968652037618,0.287774294670846
"C307T",8,8,0,0,0,0.00842992623814542,0,0,0,"AY.NN",1,1
"C3096T",5,4,0,1,0,0.00421496311907271,0,0.0020746887966805,0,"AY.NN",0.8,0.6
"C3177T",4,4,0,0,0,0.00421496311907271,0,0,0,"AY.NN",1,1
"C3267T",7,5,0,2,0,0.00526870389884088,0,0.004149377593361,0,"AY.NN",0.714285714285714,0.428571428571429
"C3276A",5,5,0,0,0,0.00526870389884088,0,0,0,"AY.NN",1,1
"C3411T",6,6,0,0,0,0.00632244467860906,0,0,0,"AY.NN",1,1
"C3608T",11,11,0,0,0,0.0115911485774499,0,0,0,"AY.NN",1,1
"C3619T",7,6,0,0,1,0.00632244467860906,0,0,0.00909090909090909,"AY.NN",0.857142857142857,0.714285714285714
"C3634A",3,3,0,0,0,0.00316122233930453,0,0,0,"AY.NN",1,1
"C3686A",3,3,0,0,0,0.00316122233930453,0,0,0,"AY.NN",1,1
"C3688T",5,2,0,0,3,0.00210748155953635,0,0,0.0272727272727273,"BA.5.2",0.6,0.2
"C3695T",6,0,0,6,0,0,0,0.012448132780083,0,"BA.5",1,1
"C3777A",4,4,0,0,0,0.00421496311907271,0,0,0,"AY.NN",1,1
"C3784T",10,10,0,0,0,0.0105374077976818,0,0,0,"AY.NN",1,1
"C3828T",3,3,0,0,0,0.00316122233930453,0,0,0,"AY.NN",1,1
"C412T",11,11,0,0,0,0.0115911485774499,0,0,0,"AY.NN",1,1
"C4321T",654,1,62,481,110,0.00105374077976818,1,0.99792531120332,1,"BA.5",0.735474006116208,0.567278287461774
"C4410T",4,4,0,0,0,0.00421496311907271,0,0,0,"AY.NN",1,1
"C4438T",42,42,0,0,0,0.0442571127502634,0,0,0,"AY.NN",1,1
"C4456T",5,1,0,4,0,0.00105374077976818,0,0.00829875518672199,0,"BA.5",0.8,0.6
"C44T",8,0,1,6,1,0,0.0161290322580645,0.012448132780083,0.00909090909090909,"BA.5",0.75,0.625
"C4586T",16,16,0,0,0,0.0168598524762908,0,0,0,"AY.NN",1,1
"C4784T",5,4,0,1,0,0.00421496311907271,0,0.0020746887966805,0,"AY.NN",0.8,0.6
"C4891T",4,4,0,0,0,0.00421496311907271,0,0,0,"AY.NN",1,1
"C492T",7,0,0,7,0,0,0,0.0145228215767635,0,"BA.5",1,1
"C4999T",6,0,0,6,0,0,0,0.012448132780083,0,"BA.5",1,1
"C506T",4,0,0,4,0,0,0,0.00829875518672199,0,"BA.5",1,1
"C5100T",3,2,0,0,1,0.00210748155953635,0,0,0.00909090909090909,"AY.NN",0.666666666666667,0.333333333333333
"C5183T",18,16,0,0,2,0.0168598524762908,0,0,0.0181818181818182,"AY.NN",0.888888888888889,0.777777777777778
"C5314T",7,7,0,0,0,0.00737618545837724,0,0,0,"AY.NN",1,1
"C5392T",4,2,0,1,1,0.00210748155953635,0,0.0020746887966805,0.00909090909090909,"AY.NN",0.5,0.25
"C5622T",69,0,0,54,15,0,0,0.112033195020747,0.136363636363636,"BA.5",0.782608695652174,0.565217391304348
"C5672T",6,5,0,1,0,0.00526870389884088,0,0.0020746887966805,0,"AY.NN",0.833333333333333,0.666666666666667
"C5784T",5,1,0,3,1,0.00105374077976818,0,0.00622406639004149,0.00909090909090909,"BA.5",0.6,0.4
"C5812T",3,3,0,0,0,0.00316122233930453,0,0,0,"AY.NN",1,1
"C5869T",5,3,0,2,0,0.00316122233930453,0,0.004149377593361,0,"AY.NN",0.6,0.2
"C589T",16,16,0,0,0,0.0168598524762908,0,0,0,"AY.NN",1,1
"C5907T",3,1,0,2,0,0.00105374077976818,0,0.004149377593361,0,"BA.5",0.666666666666667,0.333333333333333
"C6026T",6,4,0,2,0,0.00421496311907271,0,0.004149377593361,0,"AY.NN",0.666666666666667,0.333333333333333
"C6031T",3,3,0,0,0,0.00316122233930453,0,0,0,"AY.NN",1,1
"C6145T",7,0,0,7,0,0,0,0.0145228215767635,0,"BA.5",1,1
"C6310T",3,3,0,0,0,0.00316122233930453,0,0,0,"AY.NN",1,1
"C6312T",9,9,0,0,0,0.00948366701791359,0,0,0,"AY.NN",1,1
"C635T",4,2,0,2,0,0.00210748155953635,0,0.004149377593361,0,"BA.5",0.5,1.11022302462516e-16
"C6402T",944,944,0,0,0,0.994731296101159,0,0,0,"AY.NN",1,1
"C6501A",4,4,0,0,0,0.00421496311907271,0,0,0,"AY.NN",1,1
"C6525T",4,1,0,3,0,0.00105374077976818,0,0.00622406639004149,0,"BA.5",0.75,0.5
"C6539T",8,7,0,1,0,0.00737618545837724,0,0.0020746887966805,0,"AY.NN",0.875,0.75
"C6573T",3,3,0,0,0,0.00316122233930453,0,0,0,"AY.NN",1,1
"C6627T",4,1,0,3,0,0.00105374077976818,0,0.00622406639004149,0,"BA.5",0.75,0.5
"C6633T",11,11,0,0,0,0.0115911485774499,0,0,0,"AY.NN",1,1
"C6636T",8,7,0,1,0,0.00737618545837724,0,0.0020746887966805,0,"AY.NN",0.875,0.75
"C66T",3,3,0,0,0,0.00316122233930453,0,0,0,"AY.NN",1,1
"C6720T",7,7,0,0,0,0.00737618545837724,0,0,0,"AY.NN",1,1
"C673T",4,4,0,0,0,0.00421496311907271,0,0,0,"AY.NN",1,1
"C6982T",3,3,0,0,0,0.00316122233930453,0,0,0,"AY.NN",1,1
"C7039T",3,3,0,0,0,0.00316122233930453,0,0,0,"AY.NN",1,1
"C7101T",3,0,0,0,3,0,0,0,0.0272727272727273,"BA.5.2",1,1
"C7124T",940,940,0,0,0,0.990516332982086,0,0,0,"AY.NN",1,1
"C7162T",3,1,0,2,0,0.00105374077976818,0,0.004149377593361,0,"BA.5",0.666666666666667,0.333333333333333
"C722T",4,0,0,4,0,0,0,0.00829875518672199,0,"BA.5",1,1
"C7401T",5,5,0,0,0,0.00526870389884088,0,0,0,"AY.NN",1,1
"C7504T",6,0,0,6,0,0,0,0.012448132780083,0,"BA.5",1,1
"C7749T",3,1,0,2,0,0.00105374077976818,0,0.004149377593361,0,"BA.5",0.666666666666667,0.333333333333333
"C7764T",5,5,0,0,0,0.00526870389884088,0,0,0,"AY.NN",1,1
"C7768G",4,4,0,0,0,0.00421496311907271,0,0,0,"AY.NN",1,1
"C7768T",938,938,0,0,0,0.98840885142255,0,0,0,"AY.NN",1,1
"C7777T",3,0,2,1,0,0,0.032258064516129,0.0020746887966805,0,"BA.5.1",0.666666666666667,0.333333333333333
"C7860T",5,0,5,0,0,0,0.0806451612903226,0,0,"BA.5.1",1,1
"C7869T",14,14,0,0,0,0.0147523709167545,0,0,0,"AY.NN",1,1
"C7932T",3,3,0,0,0,0.00316122233930453,0,0,0,"AY.NN",1,1
"C7945T",4,4,0,0,0,0.00421496311907271,0,0,0,"AY.NN",1,1
"C8025T",17,17,0,0,0,0.017913593256059,0,0,0,"AY.NN",1,1
"C8090T",7,7,0,0,0,0.00737618545837724,0,0,0,"AY.NN",1,1
"C8140T",6,4,0,0,2,0.00421496311907271,0,0,0.0181818181818182,"AY.NN",0.666666666666667,0.333333333333333
"C823T",4,2,0,2,0,0.00210748155953635,0,0.004149377593361,0,"BA.5",0.5,1.11022302462516e-16
"C8240T",5,5,0,0,0,0.00526870389884088,0,0,0,"AY.NN",1,1
"C8311T",3,0,0,3,0,0,0,0.00622406639004149,0,"BA.5",1,1
"C8320T",3,0,3,0,0,0,0.0483870967741935,0,0,"BA.5.1",1,1
"C8394T",3,0,0,3,0,0,0,0.00622406639004149,0,"BA.5",1,1
"C8499T",3,3,0,0,0,0.00316122233930453,0,0,0,"AY.NN",1,1
"C8640T",4,2,0,2,0,0.00210748155953635,0,0.004149377593361,0,"BA.5",0.5,1.11022302462516e-16
"C8655T",6,6,0,0,0,0.00632244467860906,0,0,0,"AY.NN",1,1
"C8818T",16,16,0,0,0,0.0168598524762908,0,0,0,"AY.NN",1,1
"C8986T",949,949,0,0,0,1,0,0,0,"AY.NN",1,1
"C8994T",3,3,0,0,0,0.00316122233930453,0,0,0,"AY.NN",1,1
"C906T",5,0,0,5,0,0,0,0.0103734439834025,0,"BA.5",1,1
"C9080T",3,0,0,3,0,0,0,0.00622406639004149,0,"BA.5",1,1
"C9165T",5,5,0,0,0,0.00526870389884088,0,0,0,"AY.NN",1,1
"C9344T",654,0,62,482,110,0,1,1,1,"BA.5",0.737003058103976,0.568807339449541
"C9430T",21,15,5,0,1,0.0158061116965227,0.0806451612903226,0,0.00909090909090909,"AY.NN",0.714285714285714,0.476190476190476
"C9491T",5,5,0,0,0,0.00526870389884088,0,0,0,"AY.NN",1,1
"C9521T",4,4,0,0,0,0.00421496311907271,0,0,0,"AY.NN",1,1
"C9534T",654,0,62,482,110,0,1,1,1,"BA.5",0.737003058103976,0.568807339449541
"C9561T",7,7,0,0,0,0.00737618545837724,0,0,0,"AY.NN",1,1
"C9661T",11,11,0,0,0,0.0115911485774499,0,0,0,"AY.NN",1,1
"C9693T",7,5,0,2,0,0.00526870389884088,0,0.004149377593361,0,"AY.NN",0.714285714285714,0.428571428571429
"C9808T",4,4,0,0,0,0.00421496311907271,0,0,0,"AY.NN",1,1
"C9811T",4,4,0,0,0,0.00421496311907271,0,0,0,"AY.NN",1,1
"C999A",8,8,0,0,0,0.00842992623814542,0,0,0,"AY.NN",1,1
"D11288I",642,0,62,470,110,0,1,0.975103734439834,1,"BA.5",0.73208722741433,0.560747663551402
"D11290G",3,0,0,3,0,0,0,0.00622406639004149,0,"BA.5",1,1
"D11295B",5,0,0,5,0,0,0,0.0103734439834025,0,"BA.5",1,1
"D11296A",3,0,0,3,0,0,0,0.00622406639004149,0,"BA.5",1,1
"D21633I",652,0,62,480,110,0,1,0.995850622406639,1,"BA.5",0.736196319018405,0.567484662576687
"D21764C",5,5,0,0,0,0.00526870389884088,0,0,0,"AY.NN",1,1
"D21766F",647,1,62,474,110,0.00105374077976818,1,0.983402489626556,1,"BA.5",0.732612055641422,0.562596599690881
"D21767D",5,0,0,5,0,0,0,0.0103734439834025,0,"BA.5",1,1
"D21994C",22,2,2,11,7,0.00210748155953635,0.032258064516129,0.0228215767634855,0.0636363636363636,"BA.5",0.5,0.181818181818182
"D22029F",903,903,0,0,0,0.951527924130664,0,0,0,"AY.NN",1,1
"D27579C",3,0,0,3,0,0,0,0.00622406639004149,0,"BA.5",1,1
"D27741U",3,0,0,3,0,0,0,0.00622406639004149,0,"BA.5",1,1
"D28090F",22,22,0,0,0,0.0231822971548999,0,0,0,"AY.NN",1,1
"D28248F",914,914,0,0,0,0.963119072708114,0,0,0,"AY.NN",1,1
"D28254A",11,0,1,9,1,0,0.0161290322580645,0.0186721991701245,0.00909090909090909,"BA.5",0.818181818181818,0.727272727272727
"D28274A",912,912,0,0,0,0.961011591148577,0,0,0,"AY.NN",1,1
"D28363I",647,0,61,476,110,0,0.983870967741935,0.987551867219917,1,"BA.5",0.735703245749614,0.565687789799073
"D28915C",42,42,0,0,0,0.0442571127502634,0,0,0,"AY.NN",1,1
"D29734Z",343,0,35,209,99,0,0.564516129032258,0.433609958506224,0.9,"BA.5",0.60932944606414,0.32069970845481
"D3353C",5,5,0,0,0,0.00526870389884088,0,0,0,"AY.NN",1,1
"D510I",11,0,2,9,0,0,0.032258064516129,0.0186721991701245,0,"BA.5",0.818181818181818,0.636363636363636
"D510L",3,0,0,0,3,0,0,0,0.0272727272727273,"BA.5.2",1,1
"D510O",85,0,2,22,61,0,0.032258064516129,0.045643153526971,0.554545454545455,"BA.5.2",0.717647058823529,0.458823529411765
"D512I",13,0,0,1,12,0,0,0.0020746887966805,0.109090909090909,"BA.5.2",0.923076923076923,0.846153846153846
"D518C",17,12,0,5,0,0.0126448893572181,0,0.0103734439834025,0,"AY.NN",0.705882352941176,0.411764705882353
"D518F",4,0,0,1,3,0,0,0.0020746887966805,0.0272727272727273,"BA.5.2",0.75,0.5
"D686I",15,0,1,13,1,0,0.0161290322580645,0.0269709543568465,0.00909090909090909,"BA.5",0.866666666666667,0.8
"G10394T",3,3,0,0,0,0.00316122233930453,0,0,0,"AY.NN",1,1
"G1043T",6,6,0,0,0,0.00632244467860906,0,0,0,"AY.NN",1,1
"G10447A",654,0,62,482,110,0,1,1,1,"BA.5",0.737003058103976,0.568807339449541
"G10870T",7,7,0,0,0,0.00737618545837724,0,0,0,"AY.NN",1,1
"G11042T",14,14,0,0,0,0.0147523709167545,0,0,0,"AY.NN",1,1
"G11083T",33,33,0,0,0,0.0347734457323498,0,0,0,"AY.NN",1,1
"G11365T",4,1,0,3,0,0.00105374077976818,0,0.00622406639004149,0,"BA.5",0.75,0.5
"G1148T",3,2,0,1,0,0.00210748155953635,0,0.0020746887966805,0,"AY.NN",0.666666666666667,0.333333333333333
"G11521A",4,4,0,0,0,0.00421496311907271,0,0,0,"AY.NN",1,1
"G11801A",3,3,0,0,0,0.00316122233930453,0,0,0,"AY.NN",1,1
"G12131A",3,0,0,3,0,0,0,0.00622406639004149,0,"BA.5",1,1
"G12160A",653,0,62,482,109,0,1,1,0.990909090909091,"BA.5",0.738131699846861,0.571209800918836
"G13714A",9,9,0,0,0,0.00948366701791359,0,0,0,"AY.NN",1,1
"G14187T",37,0,0,35,2,0,0,0.0726141078838174,0.0181818181818182,"BA.5",0.945945945945946,0.891891891891892
"G1440A",3,0,0,0,3,0,0,0,0.0272727272727273,"BA.5.2",1,1
"G14414T",5,5,0,0,0,0.00526870389884088,0,0,0,"AY.NN",1,1
"G14580T",5,5,0,0,0,0.00526870389884088,0,0,0,"AY.NN",1,1
"G14622A",8,8,0,0,0,0.00842992623814542,0,0,0,"AY.NN",1,1
"G1462T",3,3,0,0,0,0.00316122233930453,0,0,0,"AY.NN",1,1
"G1463A",3,0,0,0,3,0,0,0,0.0272727272727273,"BA.5.2",1,1
"G14829T",6,6,0,0,0,0.00632244467860906,0,0,0,"AY.NN",1,1
"G14997T",5,5,0,0,0,0.00526870389884088,0,0,0,"AY.NN",1,1
"G15243T",51,0,0,51,0,0,0,0.105809128630705,0,"BA.5",1,1
"G15372C",80,0,0,11,69,0,0,0.0228215767634855,0.627272727272727,"BA.5.2",0.8625,0.725
"G15451A",948,948,0,0,0,0.998946259220232,0,0,0,"AY.NN",1,1
"G15451T",3,0,0,1,2,0,0,0.0020746887966805,0.0181818181818182,"BA.5.2",0.666666666666667,0.333333333333333
"G15543T",7,7,0,0,0,0.00737618545837724,0,0,0,"AY.NN",1,1
"G15571A",11,11,0,0,0,0.0115911485774499,0,0,0,"AY.NN",1,1
"G15906T",6,6,0,0,0,0.00632244467860906,0,0,0,"AY.NN",1,1
"G16236A",6,0,0,6,0,0,0,0.012448132780083,0,"BA.5",1,1
"G16795T",10,10,0,0,0,0.0105374077976818,0,0,0,"AY.NN",1,1
"G16943T",34,34,0,0,0,0.035827186512118,0,0,0,"AY.NN",1,1
"G17014T",5,4,0,1,0,0.00421496311907271,0,0.0020746887966805,0,"AY.NN",0.8,0.6
"G17278T",80,2,0,78,0,0.00210748155953635,0,0.161825726141079,0,"BA.5",0.975,0.95
"G17331T",6,1,5,0,0,0.00105374077976818,0.0806451612903226,0,0,"BA.5.1",0.833333333333333,0.666666666666667
"G17790T",8,8,0,0,0,0.00842992623814542,0,0,0,"AY.NN",1,1
"G18027A",4,0,0,0,4,0,0,0,0.0363636363636364,"BA.5.2",1,1
"G18106T",4,4,0,0,0,0.00421496311907271,0,0,0,"AY.NN",1,1
"G1820A",262,200,0,10,52,0.210748155953635,0,0.020746887966805,0.472727272727273,"AY.NN",0.763358778625954,0.564885496183206
"G1821A",9,1,0,8,0,0.00105374077976818,0,0.016597510373444,0,"BA.5",0.888888888888889,0.777777777777778
"G18255T",11,11,0,0,0,0.0115911485774499,0,0,0,"AY.NN",1,1
"G18391A",4,4,0,0,0,0.00421496311907271,0,0,0,"AY.NN",1,1
"G18412T",3,3,0,0,0,0.00316122233930453,0,0,0,"AY.NN",1,1
"G18583T",3,0,0,3,0,0,0,0.00622406639004149,0,"BA.5",1,1
"G18859T",16,16,0,0,0,0.0168598524762908,0,0,0,"AY.NN",1,1
"G18973T",3,3,0,0,0,0.00316122233930453,0,0,0,"AY.NN",1,1
"G19162T",7,7,0,0,0,0.00737618545837724,0,0,0,"AY.NN",1,1
"G1942T",9,9,0,0,0,0.00948366701791359,0,0,0,"AY.NN",1,1
"G1946A",3,3,0,0,0,0.00316122233930453,0,0,0,"AY.NN",1,1
"G19735T",3,0,0,0,3,0,0,0,0.0272727272727273,"BA.5.2",1,1
"G19872T",114,114,0,0,0,0.120126448893572,0,0,0,"AY.NN",1,1
"G20002T",5,5,0,0,0,0.00526870389884088,0,0,0,"AY.NN",1,1
"G20057A",3,3,0,0,0,0.00316122233930453,0,0,0,"AY.NN",1,1
"G20069T",6,6,0,0,0,0.00632244467860906,0,0,0,"AY.NN",1,1
"G20247T",5,5,0,0,0,0.00526870389884088,0,0,0,"AY.NN",1,1
"G20269T",30,30,0,0,0,0.0316122233930453,0,0,0,"AY.NN",1,1
"G20274T",18,18,0,0,0,0.0189673340358272,0,0,0,"AY.NN",1,1
"G2036T",3,0,0,0,3,0,0,0,0.0272727272727273,"BA.5.2",1,1
"G20433T",4,4,0,0,0,0.00421496311907271,0,0,0,"AY.NN",1,1
"G20626T",4,4,0,0,0,0.00421496311907271,0,0,0,"AY.NN",1,1
"G20627T",4,4,0,0,0,0.00421496311907271,0,0,0,"AY.NN",1,1
"G2095A",3,0,0,0,3,0,0,0,0.0272727272727273,"BA.5.2",1,1
"G20962T",6,6,0,0,0,0.00632244467860906,0,0,0,"AY.NN",1,1
"G210T",942,942,0,0,0,0.992623814541623,0,0,0,"AY.NN",1,1
"G21255T",7,7,0,0,0,0.00737618545837724,0,0,0,"AY.NN",1,1
"G21624C",4,4,0,0,0,0.00421496311907271,0,0,0,"AY.NN",1,1
"G2164T",34,34,0,0,0,0.035827186512118,0,0,0,"AY.NN",1,1
"G21987A",1164,514,62,478,110,0.541622760800843,1,0.991701244813278,1,"AY.NN",0.441580756013746,0.0309278350515464
"G219T",6,2,0,4,0,0.00210748155953635,0,0.00829875518672199,0,"BA.5",0.666666666666667,0.333333333333333
"G2202T",8,0,0,3,5,0,0,0.00622406639004149,0.0454545454545455,"BA.5.2",0.625,0.25
"G22093C",5,0,0,5,0,0,0,0.0103734439834025,0,"BA.5",1,1
"G22104T",6,0,0,6,0,0,0,0.012448132780083,0,"BA.5",1,1
"G22205T",12,12,0,0,0,0.0126448893572181,0,0,0,"AY.NN",1,1
"G22346T",3,3,0,0,0,0.00316122233930453,0,0,0,"AY.NN",1,1
"G22578A",652,0,62,480,110,0,1,0.995850622406639,1,"BA.5",0.736196319018405,0.567484662576687
"G22599C",7,0,0,1,6,0,0,0.0020746887966805,0.0545454545454545,"BA.5.2",0.857142857142857,0.714285714285714
"G22775A",653,0,62,481,110,0,1,0.99792531120332,1,"BA.5",0.736600306278714,0.568147013782542
"G22813C",3,0,0,3,0,0,0,0.00622406639004149,0,"BA.5",1,1
"G22813T",647,0,61,476,110,0,0.983870967741935,0.987551867219917,1,"BA.5",0.735703245749614,0.565687789799073
"G22894C",3,0,0,3,0,0,0,0.00622406639004149,0,"BA.5",1,1
"G22992A",654,0,62,482,110,0,1,1,1,"BA.5",0.737003058103976,0.568807339449541
"G23009C",4,4,0,0,0,0.00421496311907271,0,0,0,"AY.NN",1,1
"G2305T",3,3,0,0,0,0.00316122233930453,0,0,0,"AY.NN",1,1
"G23236T",13,13,0,0,0,0.0136986301369863,0,0,0,"AY.NN",1,1
"G23311T",5,5,0,0,0,0.00526870389884088,0,0,0,"AY.NN",1,1
"G23417C",7,4,3,0,0,0.00421496311907271,0.0483870967741935,0,0,"AY.NN",0.571428571428571,0.142857142857143
"G23501T",5,0,0,5,0,0,0,0.0103734439834025,0,"BA.5",1,1
"G23593T",9,8,0,0,1,0.00842992623814542,0,0,0.00909090909090909,"AY.NN",0.888888888888889,0.777777777777778
"G23948T",654,0,62,482,110,0,1,1,1,"BA.5",0.737003058103976,0.568807339449541
"G24047A",3,0,0,3,0,0,0,0.00622406639004149,0,"BA.5",1,1
"G24050T",3,3,0,0,0,0.00316122233930453,0,0,0,"AY.NN",1,1
"G24098T",3,3,0,0,0,0.00316122233930453,0,0,0,"AY.NN",1,1
"G24348T",3,3,0,0,0,0.00316122233930453,0,0,0,"AY.NN",1,1
"G24386T",8,8,0,0,0,0.00842992623814542,0,0,0,"AY.NN",1,1
"G24410A",769,769,0,0,0,0.810326659641728,0,0,0,"AY.NN",1,1
"G24794T",8,8,0,0,0,0.00842992623814542,0,0,0,"AY.NN",1,1
"G24872T",4,4,0,0,0,0.00421496311907271,0,0,0,"AY.NN",1,1
"G24933T",4,4,0,0,0,0.00421496311907271,0,0,0,"AY.NN",1,1
"G25019T",6,6,0,0,0,0.00632244467860906,0,0,0,"AY.NN",1,1
"G25183T",4,4,0,0,0,0.00421496311907271,0,0,0,"AY.NN",1,1
"G25186T",8,8,0,0,0,0.00842992623814542,0,0,0,"AY.NN",1,1
"G2518T",936,936,0,0,0,0.986301369863014,0,0,0,"AY.NN",1,1
"G25250T",15,15,0,0,0,0.0158061116965227,0,0,0,"AY.NN",1,1
"G25352T",5,5,0,0,0,0.00526870389884088,0,0,0,"AY.NN",1,1
"G25354T",3,0,0,3,0,0,0,0.00622406639004149,0,"BA.5",1,1
"G25459T",30,28,0,2,0,0.029504741833509,0,0.004149377593361,0,"AY.NN",0.933333333333333,0.866666666666667
"G25489T",30,30,0,0,0,0.0316122233930453,0,0,0,"AY.NN",1,1
"G25641T",16,16,0,0,0,0.0168598524762908,0,0,0,"AY.NN",1,1
"G25677T",8,8,0,0,0,0.00842992623814542,0,0,0,"AY.NN",1,1
"G25690T",12,12,0,0,0,0.0126448893572181,0,0,0,"AY.NN",1,1
"G25770T",3,3,0,0,0,0.00316122233930453,0,0,0,"AY.NN",1,1
"G25785T",9,9,0,0,0,0.00948366701791359,0,0,0,"AY.NN",1,1
"G25855C",48,48,0,0,0,0.0505795574288725,0,0,0,"AY.NN",1,1
"G25855T",12,12,0,0,0,0.0126448893572181,0,0,0,"AY.NN",1,1
"G25972A",3,3,0,0,0,0.00316122233930453,0,0,0,"AY.NN",1,1
"G26062T",5,5,0,0,0,0.00526870389884088,0,0,0,"AY.NN",1,1
"G26065T",8,8,0,0,0,0.00842992623814542,0,0,0,"AY.NN",1,1
"G26109T",7,7,0,0,0,0.00737618545837724,0,0,0,"AY.NN",1,1
"G26211T",3,3,0,0,0,0.00316122233930453,0,0,0,"AY.NN",1,1
"G26428T",46,17,0,25,4,0.017913593256059,0,0.0518672199170125,0.0363636363636364,"BA.5",0.543478260869565,0.173913043478261
"G26439T",5,5,0,0,0,0.00526870389884088,0,0,0,"AY.NN",1,1
"G26529A",423,0,42,277,104,0,0.67741935483871,0.574688796680498,0.945454545454545,"BA.5",0.6548463356974,0.408983451536643
"G26589T",8,8,0,0,0,0.00842992623814542,0,0,0,"AY.NN",1,1
"G26690T",3,1,0,2,0,0.00105374077976818,0,0.004149377593361,0,"BA.5",0.666666666666667,0.333333333333333
"G26709A",652,0,62,480,110,0,1,0.995850622406639,1,"BA.5",0.736196319018405,0.567484662576687
"G26727T",3,3,0,0,0,0.00316122233930453,0,0,0,"AY.NN",1,1
"G26834T",16,16,0,0,0,0.0168598524762908,0,0,0,"AY.NN",1,1
"G27214A",4,4,0,0,0,0.00421496311907271,0,0,0,"AY.NN",1,1
"G27261T",4,4,0,0,0,0.00421496311907271,0,0,0,"AY.NN",1,1
"G27271T",4,4,0,0,0,0.00421496311907271,0,0,0,"AY.NN",1,1
"G27327T",5,5,0,0,0,0.00526870389884088,0,0,0,"AY.NN",1,1
"G27382C",4,3,0,0,1,0.00316122233930453,0,0,0.00909090909090909,"AY.NN",0.75,0.5
"G27516T",47,47,0,0,0,0.0495258166491043,0,0,0,"AY.NN",1,1
"G27604A",6,6,0,0,0,0.00632244467860906,0,0,0,"AY.NN",1,1
"G27632T",3,3,0,0,0,0.00316122233930453,0,0,0,"AY.NN",1,1
"G27651C",3,3,0,0,0,0.00316122233930453,0,0,0,"AY.NN",1,1
"G27706T",91,91,0,0,0,0.0958904109589041,0,0,0,"AY.NN",1,1
"G27762T",3,3,0,0,0,0.00316122233930453,0,0,0,"AY.NN",1,1
"G27861A",3,3,0,0,0,0.00316122233930453,0,0,0,"AY.NN",1,1
"G27948T",3,3,0,0,0,0.00316122233930453,0,0,0,"AY.NN",1,1
"G27952A",3,3,0,0,0,0.00316122233930453,0,0,0,"AY.NN",1,1
"G28048T",3,2,0,1,0,0.00210748155953635,0,0.0020746887966805,0,"AY.NN",0.666666666666667,0.333333333333333
"G28079T",9,9,0,0,0,0.00948366701791359,0,0,0,"AY.NN",1,1
"G28086T",767,767,0,0,0,0.808219178082192,0,0,0,"AY.NN",1,1
"G28209T",3,3,0,0,0,0.00316122233930453,0,0,0,"AY.NN",1,1
"G28321T",3,3,0,0,0,0.00316122233930453,0,0,0,"AY.NN",1,1
"G28326T",7,1,0,6,0,0.00105374077976818,0,0.012448132780083,0,"BA.5",0.857142857142857,0.714285714285714
"G28361T",3,0,0,3,0,0,0,0.00622406639004149,0,"BA.5",1,1
"G28371T",7,7,0,0,0,0.00737618545837724,0,0,0,"AY.NN",1,1
"G28378T",10,10,0,0,0,0.0105374077976818,0,0,0,"AY.NN",1,1
"G28487C",16,16,0,0,0,0.0168598524762908,0,0,0,"AY.NN",1,1
"G28509A",3,3,0,0,0,0.00316122233930453,0,0,0,"AY.NN",1,1
"G28541T",22,15,0,7,0,0.0158061116965227,0,0.0145228215767635,0,"AY.NN",0.681818181818182,0.363636363636364
"G28621T",5,5,0,0,0,0.00526870389884088,0,0,0,"AY.NN",1,1
"G28681T",16,0,2,13,1,0,0.032258064516129,0.0269709543568465,0.00909090909090909,"BA.5",0.8125,0.6875
"G28817T",6,6,0,0,0,0.00632244467860906,0,0,0,"AY.NN",1,1
"G2883A",3,3,0,0,0,0.00316122233930453,0,0,0,"AY.NN",1,1
"G28851T",4,4,0,0,0,0.00421496311907271,0,0,0,"AY.NN",1,1
"G28872A",3,3,0,0,0,0.00316122233930453,0,0,0,"AY.NN",1,1
"G28881A",653,0,62,481,110,0,1,0.99792531120332,1,"BA.5",0.736600306278714,0.568147013782542
"G28881T",949,949,0,0,0,1,0,0,0,"AY.NN",1,1
"G28882A",662,9,62,481,110,0.00948366701791359,1,0.99792531120332,1,"BA.5",0.726586102719033,0.560422960725076
"G28882T",56,56,0,0,0,0.0590094836670179,0,0,0,"AY.NN",1,1
"G28883C",653,0,62,481,110,0,1,0.99792531120332,1,"BA.5",0.736600306278714,0.568147013782542
"G28916T",900,900,0,0,0,0.948366701791359,0,0,0,"AY.NN",1,1
"G28925T",5,5,0,0,0,0.00526870389884088,0,0,0,"AY.NN",1,1
"G29032A",178,0,0,178,0,0,0,0.369294605809129,0,"BA.5",1,1
"G29195T",5,5,0,0,0,0.00526870389884088,0,0,0,"AY.NN",1,1
"G29383T",3,3,0,0,0,0.00316122233930453,0,0,0,"AY.NN",1,1
"G29402T",944,943,1,0,0,0.993677555321391,0.0161290322580645,0,0,"AY.NN",0.998940677966102,0.997881355932203
"G29449T",6,6,0,0,0,0.00632244467860906,0,0,0,"AY.NN",1,1
"G29527T",48,48,0,0,0,0.0505795574288725,0,0,0,"AY.NN",1,1
"G29616T",14,14,0,0,0,0.0147523709167545,0,0,0,"AY.NN",1,1
"G2962T",19,0,0,19,0,0,0,0.0394190871369295,0,"BA.5",1,1
"G2967A",7,0,0,7,0,0,0,0.0145228215767635,0,"BA.5",1,1
"G29690T",17,17,0,0,0,0.017913593256059,0,0,0,"AY.NN",1,1
"G29706A",8,0,0,8,0,0,0,0.016597510373444,0,"BA.5",1,1
"G29706C",3,3,0,0,0,0.00316122233930453,0,0,0,"AY.NN",1,1
"G29706T",3,0,1,2,0,0,0.0161290322580645,0.004149377593361,0,"BA.5",0.666666666666667,0.333333333333333
"G29734T",6,0,0,5,1,0,0,0.0103734439834025,0.00909090909090909,"BA.5",0.833333333333333,0.666666666666667
"G29736T",3,3,0,0,0,0.00316122233930453,0,0,0,"AY.NN",1,1
"G29742T",848,848,0,0,0,0.893572181243414,0,0,0,"AY.NN",1,1
"G29745T",6,6,0,0,0,0.00632244467860906,0,0,0,"AY.NN",1,1
"G29747T",7,7,0,0,0,0.00737618545837724,0,0,0,"AY.NN",1,1
"G29777T",3,3,0,0,0,0.00316122233930453,0,0,0,"AY.NN",1,1
"G29781T",5,4,0,0,1,0.00421496311907271,0,0,0.00909090909090909,"AY.NN",0.8,0.6
"G3052A",5,5,0,0,0,0.00526870389884088,0,0,0,"AY.NN",1,1
"G3091A",3,3,0,0,0,0.00316122233930453,0,0,0,"AY.NN",1,1
"G3122T",8,8,0,0,0,0.00842992623814542,0,0,0,"AY.NN",1,1
"G3145A",4,4,0,0,0,0.00421496311907271,0,0,0,"AY.NN",1,1
"G3328T",6,6,0,0,0,0.00632244467860906,0,0,0,"AY.NN",1,1
"G3431T",10,10,0,0,0,0.0105374077976818,0,0,0,"AY.NN",1,1
"G3483T",59,12,0,47,0,0.0126448893572181,0,0.0975103734439834,0,"BA.5",0.796610169491525,0.593220338983051
"G4181T",949,949,0,0,0,1,0,0,0,"AY.NN",1,1
"G4184A",654,0,62,482,110,0,1,1,1,"BA.5",0.737003058103976,0.568807339449541
"G4399C",7,7,0,0,0,0.00737618545837724,0,0,0,"AY.NN",1,1
"G463A",3,3,0,0,0,0.00316122233930453,0,0,0,"AY.NN",1,1
"G4720A",6,6,0,0,0,0.00632244467860906,0,0,0,"AY.NN",1,1
"G483A",17,17,0,0,0,0.017913593256059,0,0,0,"AY.NN",1,1
"G526T",948,947,0,1,0,0.997892518440464,0,0.0020746887966805,0,"AY.NN",0.998945147679325,0.99789029535865
"G5300T",7,6,0,1,0,0.00632244467860906,0,0.0020746887966805,0,"AY.NN",0.857142857142857,0.714285714285714
"G5437T",940,940,0,0,0,0.990516332982086,0,0,0,"AY.NN",1,1
"G5567A",5,5,0,0,0,0.00526870389884088,0,0,0,"AY.NN",1,1
"G5953A",3,0,0,1,2,0,0,0.0020746887966805,0.0181818181818182,"BA.5.2",0.666666666666667,0.333333333333333
"G5992A",3,0,3,0,0,0,0.0483870967741935,0,0,"BA.5.1",1,1
"G6008A",41,0,0,41,0,0,0,0.0850622406639004,0,"BA.5",1,1
"G614T",3,3,0,0,0,0.00316122233930453,0,0,0,"AY.NN",1,1
"G625T",3,3,0,0,0,0.00316122233930453,0,0,0,"AY.NN",1,1
"G626T",6,6,0,0,0,0.00632244467860906,0,0,0,"AY.NN",1,1
"G6309T",3,3,0,0,0,0.00316122233930453,0,0,0,"AY.NN",1,1
"G6352T",3,3,0,0,0,0.00316122233930453,0,0,0,"AY.NN",1,1
"G6374T",9,9,0,0,0,0.00948366701791359,0,0,0,"AY.NN",1,1
"G6404T",4,0,0,4,0,0,0,0.00829875518672199,0,"BA.5",1,1
"G7019T",7,7,0,0,0,0.00737618545837724,0,0,0,"AY.NN",1,1
"G714A",4,4,0,0,0,0.00421496311907271,0,0,0,"AY.NN",1,1
"G7405T",8,8,0,0,0,0.00842992623814542,0,0,0,"AY.NN",1,1
"G7675T",10,10,0,0,0,0.0105374077976818,0,0,0,"AY.NN",1,1
"G7798T",3,3,0,0,0,0.00316122233930453,0,0,0,"AY.NN",1,1
"G8018A",9,9,0,0,0,0.00948366701791359,0,0,0,"AY.NN",1,1
"G8102T",4,0,2,2,0,0,0.032258064516129,0.004149377593361,0,"BA.5.1",0.5,0
"G8174A",60,0,0,8,52,0,0,0.016597510373444,0.472727272727273,"BA.5.2",0.866666666666667,0.733333333333333
"G8179T",4,4,0,0,0,0.00421496311907271,0,0,0,"AY.NN",1,1
"G8653T",4,0,0,3,1,0,0,0.00622406639004149,0.00909090909090909,"BA.5",0.75,0.5
"G8990T",48,48,0,0,0,0.0505795574288725,0,0,0,"AY.NN",1,1
"G9053T",949,949,0,0,0,1,0,0,0,"AY.NN",1,1
"G922T",15,15,0,0,0,0.0158061116965227,0,0,0,"AY.NN",1,1
"G9479T",4,4,0,0,0,0.00421496311907271,0,0,0,"AY.NN",1,1
"G960A",4,4,0,0,0,0.00421496311907271,0,0,0,"AY.NN",1,1
"G9817A",8,8,0,0,0,0.00842992623814542,0,0,0,"AY.NN",1,1
"I29903A",32,5,4,23,0,0.00526870389884088,0.0645161290322581,0.0477178423236514,0,"BA.5",0.71875,0.5625
"T10141C",3,3,0,0,0,0.00316122233930453,0,0,0,"AY.NN",1,1
"T10150C",3,3,0,0,0,0.00316122233930453,0,0,0,"AY.NN",1,1
"T10177C",6,6,0,0,0,0.00632244467860906,0,0,0,"AY.NN",1,1
"T1040C",8,0,0,8,0,0,0,0.016597510373444,0,"BA.5",1,1
"T11092A",3,3,0,0,0,0.00316122233930453,0,0,0,"AY.NN",1,1
"T11203C",27,27,0,0,0,0.0284510010537408,0,0,0,"AY.NN",1,1
"T11560C",3,0,0,3,0,0,0,0.00622406639004149,0,"BA.5",1,1
"T1165C",4,0,0,4,0,0,0,0.00829875518672199,0,"BA.5",1,1
"T13289G",3,3,0,0,0,0.00316122233930453,0,0,0,"AY.NN",1,1
"T13578C",7,7,0,0,0,0.00737618545837724,0,0,0,"AY.NN",1,1
"T14851C",3,3,0,0,0,0.00316122233930453,0,0,0,"AY.NN",1,1
"T15521A",18,18,0,0,0,0.0189673340358272,0,0,0,"AY.NN",1,1
"T16083C",7,0,0,0,7,0,0,0,0.0636363636363636,"BA.5.2",1,1
"T18408C",17,17,0,0,0,0.017913593256059,0,0,0,"AY.NN",1,1
"T18423C",10,10,0,0,0,0.0105374077976818,0,0,0,"AY.NN",1,1
"T18450C",5,0,0,5,0,0,0,0.0103734439834025,0,"BA.5",1,1
"T18660C",3,3,0,0,0,0.00316122233930453,0,0,0,"AY.NN",1,1
"T19215C",13,3,0,0,10,0.00316122233930453,0,0,0.0909090909090909,"BA.5.2",0.769230769230769,0.538461538461539
"T19797C",4,0,0,0,4,0,0,0,0.0363636363636364,"BA.5.2",1,1
"T19893C",8,0,0,8,0,0,0,0.016597510373444,0,"BA.5",1,1
"T20177C",5,5,0,0,0,0.00526870389884088,0,0,0,"AY.NN",1,1
"T20375C",16,16,0,0,0,0.0168598524762908,0,0,0,"AY.NN",1,1
"T20394C",3,0,0,0,3,0,0,0,0.0272727272727273,"BA.5.2",1,1
"T21240C",3,3,0,0,0,0.00316122233930453,0,0,0,"AY.NN",1,1
"T21246C",4,0,0,4,0,0,0,0.00829875518672199,0,"BA.5",1,1
"T21462C",4,0,0,3,1,0,0,0.00622406639004149,0.00909090909090909,"BA.5",0.75,0.5
"T21465C",3,3,0,0,0,0.00316122233930453,0,0,0,"AY.NN",1,1
"T21598C",6,5,0,1,0,0.00526870389884088,0,0.0020746887966805,0,"AY.NN",0.833333333333333,0.666666666666667
"T21728C",6,6,0,0,0,0.00632244467860906,0,0,0,"AY.NN",1,1
"T22054C",3,3,0,0,0,0.00316122233930453,0,0,0,"AY.NN",1,1
"T22200G",654,0,62,482,110,0,1,1,1,"BA.5",0.737003058103976,0.568807339449541
"T22679C",652,0,62,480,110,0,1,0.995850622406639,1,"BA.5",0.736196319018405,0.567484662576687
"T22882G",645,0,61,474,110,0,0.983870967741935,0.983402489626556,1,"BA.5",0.734883720930232,0.564341085271318
"T22917G",1579,928,62,479,110,0.977871443624868,1,0.993775933609959,1,"AY.NN",0.587713742875238,0.28435718809373
"T23018G",654,0,62,482,110,0,1,1,1,"BA.5",0.737003058103976,0.568807339449541
"T23042C",4,3,0,1,0,0.00316122233930453,0,0.0020746887966805,0,"AY.NN",0.75,0.5
"T23065C",6,6,0,0,0,0.00632244467860906,0,0,0,"AY.NN",1,1
"T23075C",654,0,62,482,110,0,1,1,1,"BA.5",0.737003058103976,0.568807339449541
"T23599G",654,0,62,482,110,0,1,1,1,"BA.5",0.737003058103976,0.568807339449541
"T24469A",654,0,62,482,110,0,1,1,1,"BA.5",0.737003058103976,0.568807339449541
"T24760C",5,5,0,0,0,0.00526870389884088,0,0,0,"AY.NN",1,1
"T24943C",3,3,0,0,0,0.00316122233930453,0,0,0,"AY.NN",1,1
"T24979C",4,0,0,4,0,0,0,0.00829875518672199,0,"BA.5",1,1
"T25406C",3,0,0,1,2,0,0,0.0020746887966805,0.0181818181818182,"BA.5.2",0.666666666666667,0.333333333333333
"T25694C",48,48,0,0,0,0.0505795574288725,0,0,0,"AY.NN",1,1
"T25723C",3,0,0,3,0,0,0,0.00622406639004149,0,"BA.5",1,1
"T2587C",3,0,0,1,2,0,0,0.0020746887966805,0.0181818181818182,"BA.5.2",0.666666666666667,0.333333333333333
"T26767C",949,949,0,0,0,1,0,0,0,"AY.NN",1,1
"T2698C",3,3,0,0,0,0.00316122233930453,0,0,0,"AY.NN",1,1
"T27138C",6,0,0,6,0,0,0,0.012448132780083,0,"BA.5",1,1
"T27318C",19,19,0,0,0,0.0200210748155954,0,0,0,"AY.NN",1,1
"T27384C",4,3,0,0,1,0.00316122233930453,0,0,0.00909090909090909,"AY.NN",0.75,0.5
"T27438C",141,0,52,89,0,0,0.838709677419355,0.184647302904564,0,"BA.5",0.631205673758865,0.26241134751773
"T27623A",3,3,0,0,0,0.00316122233930453,0,0,0,"AY.NN",1,1
"T27638C",917,917,0,0,0,0.966280295047418,0,0,0,"AY.NN",1,1
"T27685G",3,3,0,0,0,0.00316122233930453,0,0,0,"AY.NN",1,1
"T2793A",3,0,0,3,0,0,0,0.00622406639004149,0,"BA.5",1,1
"T27995C",6,6,0,0,0,0.00632244467860906,0,0,0,"AY.NN",1,1
"T28098C",3,3,0,0,0,0.00316122233930453,0,0,0,"AY.NN",1,1
"T28334A",12,12,0,0,0,0.0126448893572181,0,0,0,"AY.NN",1,1
"T28382C",3,3,0,0,0,0.00316122233930453,0,0,0,"AY.NN",1,1
"T283A",7,7,0,0,0,0.00737618545837724,0,0,0,"AY.NN",1,1
"T28759C",15,15,0,0,0,0.0158061116965227,0,0,0,"AY.NN",1,1
"T28862C",3,0,0,0,3,0,0,0,0.0272727272727273,"BA.5.2",1,1
"T28930A",3,3,0,0,0,0.00316122233930453,0,0,0,"AY.NN",1,1
"T29173C",3,0,0,1,2,0,0,0.0020746887966805,0.0181818181818182,"BA.5.2",0.666666666666667,0.333333333333333
"T29559C",3,3,0,0,0,0.00316122233930453,0,0,0,"AY.NN",1,1
"T29667G",10,10,0,0,0,0.0105374077976818,0,0,0,"AY.NN",1,1
"T29867A",15,14,0,1,0,0.0147523709167545,0,0.0020746887966805,0,"AY.NN",0.933333333333333,0.866666666666667
"T3043C",15,0,0,1,14,0,0,0.0020746887966805,0.127272727272727,"BA.5.2",0.933333333333333,0.866666666666667
"T3571G",69,0,0,54,15,0,0,0.112033195020747,0.136363636363636,"BA.5",0.782608695652174,0.565217391304348
"T3745C",4,0,0,4,0,0,0,0.00829875518672199,0,"BA.5",1,1
"T3757A",3,0,0,3,0,0,0,0.00622406639004149,0,"BA.5",1,1
"T3788C",5,5,0,0,0,0.00526870389884088,0,0,0,"AY.NN",1,1
"T4258C",7,0,0,7,0,0,0,0.0145228215767635,0,"BA.5",1,1
"T4816C",61,61,0,0,0,0.0642781875658588,0,0,0,"AY.NN",1,1
"T4906C",4,0,0,4,0,0,0,0.00829875518672199,0,"BA.5",1,1
"T5514C",3,0,0,3,0,0,0,0.00622406639004149,0,"BA.5",1,1
"T5767C",20,20,0,0,0,0.0210748155953635,0,0,0,"AY.NN",1,1
"T595C",3,3,0,0,0,0.00316122233930453,0,0,0,"AY.NN",1,1
"T6673C",32,30,0,2,0,0.0316122233930453,0,0.004149377593361,0,"AY.NN",0.9375,0.875
"T670G",654,0,62,482,110,0,1,1,1,"BA.5",0.737003058103976,0.568807339449541
"T698A",3,3,0,0,0,0.00316122233930453,0,0,0,"AY.NN",1,1
"T7076C",3,3,0,0,0,0.00316122233930453,0,0,0,"AY.NN",1,1
"T7386C",3,3,0,0,0,0.00316122233930453,0,0,0,"AY.NN",1,1
"T8104A",5,5,0,0,0,0.00526870389884088,0,0,0,"AY.NN",1,1
"T8729C",4,4,0,0,0,0.00421496311907271,0,0,0,"AY.NN",1,1
"T8758C",11,0,0,11,0,0,0,0.0228215767634855,0,"BA.5",1,1
"T8835C",4,4,0,0,0,0.00421496311907271,0,0,0,"AY.NN",1,1
"T8838C",3,3,0,0,0,0.00316122233930453,0,0,0,"AY.NN",1,1
"T9481C",3,3,0,0,0,0.00316122233930453,0,0,0,"AY.NN",1,1
