"Mutation","Freq","BA.5.2","CJ.1","XBK","CJ.1.1","BA.5.2.9","BA.5.2.21","BA.5.2.6","P.BA.5.2","P.CJ.1","P.XBK","P.CJ.1.1","P.BA.5.2.9","P.BA.5.2.21","P.BA.5.2.6","Lineage","Lineage.P","Uniqueness"
"A10042T",5,5,0,0,0,0,0,0,0.00680272108843537,0,0,0,0,0,0,"BA.5.2",1,1
"A10323G",7,1,6,0,0,0,0,0,0.00136054421768707,0.009375,0,0,0,0,0,"CJ.1",0.857142857142857,0.714285714285714
"A10348G",7,7,0,0,0,0,0,0,0.00952380952380952,0,0,0,0,0,0,"BA.5.2",1,1
"A1072C",9,0,9,0,0,0,0,0,0,0.0140625,0,0,0,0,0,"CJ.1",1,1
"A11537G",3,0,3,0,0,0,0,0,0,0.0046875,0,0,0,0,0,"CJ.1",1,1
"A12422C",6,0,6,0,0,0,0,0,0,0.009375,0,0,0,0,0,"CJ.1",1,1
"A12444G",733,0,625,52,56,0,0,0,0,0.9765625,1,0.982456140350877,0,0,0,"CJ.1",0.852660300136426,0.776261937244202
"A13136G",7,7,0,0,0,0,0,0,0.00952380952380952,0,0,0,0,0,0,"BA.5.2",1,1
"A14463G",10,8,0,0,0,0,0,2,0.0108843537414966,0,0,0,0,0,0.0833333333333333,"BA.5.2",0.8,0.6
"A14836G",5,0,5,0,0,0,0,0,0,0.0078125,0,0,0,0,0,"CJ.1",1,1
"A15002G",90,0,0,0,0,90,0,0,0,0,0,0,0.989010989010989,0,0,"BA.5.2.9",1,1
"A15405G",4,0,0,0,0,0,0,4,0,0,0,0,0,0,0.166666666666667,"BA.5.2.6",1,1
"A17039G",7,1,6,0,0,0,0,0,0.00136054421768707,0.009375,0,0,0,0,0,"CJ.1",0.857142857142857,0.714285714285714
"A17880G",3,0,0,0,3,0,0,0,0,0,0,0.0526315789473684,0,0,0,"CJ.1.1",1,1
"A18163G",1611,729,633,52,56,91,26,24,0.991836734693878,0.9890625,1,0.982456140350877,1,1,1,"BA.5.2",0.452513966480447,0.0595903165735568
"A18273G",3,3,0,0,0,0,0,0,0.00408163265306122,0,0,0,0,0,0,"BA.5.2",1,1
"A18752G",8,0,0,8,0,0,0,0,0,0,0.153846153846154,0,0,0,0,"XBK",1,1
"A196G",6,6,0,0,0,0,0,0,0.00816326530612245,0,0,0,0,0,0,"BA.5.2",1,1
"A19722G",4,0,4,0,0,0,0,0,0,0.00625,0,0,0,0,0,"CJ.1",1,1
"A20055G",1545,707,602,42,57,88,25,24,0.961904761904762,0.940625,0.807692307692308,1,0.967032967032967,0.961538461538462,1,"BA.5.2",0.457605177993528,0.0679611650485437
"A21917G",4,0,4,0,0,0,0,0,0,0.00625,0,0,0,0,0,"CJ.1",1,1
"A22001G",712,1,611,44,56,0,0,0,0.00136054421768707,0.9546875,0.846153846153846,0.982456140350877,0,0,0,"CJ.1",0.85814606741573,0.779494382022472
"A22190G",695,0,592,47,56,0,0,0,0,0.925,0.903846153846154,0.982456140350877,0,0,0,"CJ.1",0.851798561151079,0.771223021582734
"A22486G",4,0,4,0,0,0,0,0,0,0.00625,0,0,0,0,0,"CJ.1",1,1
"A22600T",24,22,0,0,0,2,0,0,0.0299319727891156,0,0,0,0.021978021978022,0,0,"BA.5.2",0.916666666666667,0.833333333333333
"A22629G",3,0,3,0,0,0,0,0,0,0.0046875,0,0,0,0,0,"CJ.1",1,1
"A22688G",1603,733,622,51,57,90,26,24,0.997278911564626,0.971875,0.980769230769231,1,0.989010989010989,1,1,"BA.5.2",0.457267623206488,0.0692451653150343
"A22786C",1529,700,585,49,57,90,24,24,0.952380952380952,0.9140625,0.942307692307692,1,0.989010989010989,0.923076923076923,1,"BA.5.2",0.457815565729235,0.0752125572269457
"A22893T",6,6,0,0,0,0,0,0,0.00816326530612245,0,0,0,0,0,0,"BA.5.2",1,1
"A22910G",22,22,0,0,0,0,0,0,0.0299319727891156,0,0,0,0,0,0,"BA.5.2",1,1
"A22941G",4,4,0,0,0,0,0,0,0.0054421768707483,0,0,0,0,0,0,"BA.5.2",1,1
"A229G",4,0,4,0,0,0,0,0,0,0.00625,0,0,0,0,0,"CJ.1",1,1
"A23013C",1609,732,629,52,56,90,26,24,0.995918367346939,0.9828125,1,0.982456140350877,0.989010989010989,1,1,"BA.5.2",0.454940957116221,0.0640149160969546
"A23055G",1601,733,621,50,57,90,26,24,0.997278911564626,0.9703125,0.961538461538462,1,0.989010989010989,1,1,"BA.5.2",0.457838850718301,0.0699562773266708
"A23063T",1601,733,621,50,57,90,26,24,0.997278911564626,0.9703125,0.961538461538462,1,0.989010989010989,1,1,"BA.5.2",0.457838850718301,0.0699562773266708
"A23403G",1625,735,640,52,57,91,26,24,1,1,1,1,1,1,1,"BA.5.2",0.452307692307692,0.0584615384615385
"A23416T",3,2,0,0,0,1,0,0,0.00272108843537415,0,0,0,0.010989010989011,0,0,"BA.5.2",0.666666666666667,0.333333333333333
"A24424T",1625,735,640,52,57,91,26,24,1,1,1,1,1,1,1,"BA.5.2",0.452307692307692,0.0584615384615385
"A26275G",747,0,638,52,57,0,0,0,0,0.996875,1,1,0,0,0,"CJ.1",0.854082998661312,0.777777777777778
"A26554G",4,0,4,0,0,0,0,0,0,0.00625,0,0,0,0,0,"CJ.1",1,1
"A26793G",3,0,3,0,0,0,0,0,0,0.0046875,0,0,0,0,0,"CJ.1",1,1
"A27259C",748,0,640,51,57,0,0,0,0,1,0.980769230769231,1,0,0,0,"CJ.1",0.855614973262032,0.779411764705882
"A27383T",739,0,632,50,57,0,0,0,0,0.9875,0.961538461538462,1,0,0,0,"CJ.1",0.855209742895805,0.77807848443843
"A27400G",5,0,5,0,0,0,0,0,0,0.0078125,0,0,0,0,0,"CJ.1",1,1
"A27480G",3,0,0,0,0,2,0,1,0,0,0,0,0.021978021978022,0,0.0416666666666667,"BA.5.2.9",0.666666666666667,0.333333333333333
"A27579G",3,3,0,0,0,0,0,0,0.00408163265306122,0,0,0,0,0,0,"BA.5.2",1,1
"A27611G",4,0,4,0,0,0,0,0,0,0.00625,0,0,0,0,0,"CJ.1",1,1
"A28126T",4,4,0,0,0,0,0,0,0.0054421768707483,0,0,0,0,0,0,"BA.5.2",1,1
"A28271T",1624,735,639,52,57,91,26,24,1,0.9984375,1,1,1,1,1,"BA.5.2",0.452586206896552,0.0591133004926109
"A28330G",843,702,0,0,0,91,26,24,0.955102040816327,0,0,0,1,1,1,"BA.5.2",0.832740213523132,0.724792408066429
"A28513G",4,0,4,0,0,0,0,0,0,0.00625,0,0,0,0,0,"CJ.1",1,1
"A28792T",3,0,0,0,0,0,3,0,0,0,0,0,0,0.115384615384615,0,"BA.5.2.21",1,1
"A28877T",3,3,0,0,0,0,0,0,0.00408163265306122,0,0,0,0,0,0,"BA.5.2",1,1
"A29101G",8,8,0,0,0,0,0,0,0.0108843537414966,0,0,0,0,0,0,"BA.5.2",1,1
"A29371G",7,0,7,0,0,0,0,0,0,0.0109375,0,0,0,0,0,"CJ.1",1,1
"A29510C",1615,729,639,52,56,89,26,24,0.991836734693878,0.9984375,1,0.982456140350877,0.978021978021978,1,1,"BA.5.2",0.451393188854489,0.0557275541795666
"A29700G",4,3,0,0,1,0,0,0,0.00408163265306122,0,0,0.0175438596491228,0,0,0,"BA.5.2",0.75,0.5
"A29768G",5,0,4,0,1,0,0,0,0,0.00625,0,0.0175438596491228,0,0,0,"CJ.1",0.8,0.6
"A29770T",5,0,5,0,0,0,0,0,0,0.0078125,0,0,0,0,0,"CJ.1",1,1
"A29776G",5,0,5,0,0,0,0,0,0,0.0078125,0,0,0,0,0,"CJ.1",1,1
"A3223G",17,0,17,0,0,0,0,0,0,0.0265625,0,0,0,0,0,"CJ.1",1,1
"A3258G",4,4,0,0,0,0,0,0,0.0054421768707483,0,0,0,0,0,0,"BA.5.2",1,1
"A3472G",13,0,0,0,13,0,0,0,0,0,0,0.228070175438596,0,0,0,"CJ.1.1",1,1
"A3542G",3,3,0,0,0,0,0,0,0.00408163265306122,0,0,0,0,0,0,"BA.5.2",1,1
"A4929G",4,0,0,0,0,0,0,4,0,0,0,0,0,0,0.166666666666667,"BA.5.2.6",1,1
"A5006G",441,0,400,0,41,0,0,0,0,0.625,0,0.719298245614035,0,0,0,"CJ.1",0.90702947845805,0.8140589569161
"A6659G",17,0,17,0,0,0,0,0,0,0.0265625,0,0,0,0,0,"CJ.1",1,1
"A7036T",3,0,3,0,0,0,0,0,0,0.0046875,0,0,0,0,0,"CJ.1",1,1
"A7064G",6,6,0,0,0,0,0,0,0.00816326530612245,0,0,0,0,0,0,"BA.5.2",1,1
"A7300T",4,0,4,0,0,0,0,0,0,0.00625,0,0,0,0,0,"CJ.1",1,1
"A8040G",3,0,3,0,0,0,0,0,0,0.0046875,0,0,0,0,0,"CJ.1",1,1
"A8972G",7,0,7,0,0,0,0,0,0,0.0109375,0,0,0,0,0,"CJ.1",1,1
"A9424G",1559,693,623,51,57,88,25,22,0.942857142857143,0.9734375,0.980769230769231,1,0.967032967032967,0.961538461538462,0.916666666666667,"BA.5.2",0.444515715202053,0.0449005772931366
"A949G",4,0,4,0,0,0,0,0,0,0.00625,0,0,0,0,0,"CJ.1",1,1
"A9529G",38,0,38,0,0,0,0,0,0,0.059375,0,0,0,0,0,"CJ.1",1,1
"A9614G",5,5,0,0,0,0,0,0,0.00680272108843537,0,0,0,0,0,0,"BA.5.2",1,1
"C10029T",1623,735,638,52,57,91,26,24,1,0.996875,1,1,1,1,1,"BA.5.2",0.452865064695009,0.059765865680838
"C10030T",5,0,5,0,0,0,0,0,0,0.0078125,0,0,0,0,0,"CJ.1",1,1
"C100T",3,2,0,0,1,0,0,0,0.00272108843537415,0,0,0.0175438596491228,0,0,0,"BA.5.2",0.666666666666667,0.333333333333333
"C10138T",10,10,0,0,0,0,0,0,0.0136054421768707,0,0,0,0,0,0,"BA.5.2",1,1
"C10198T",1615,735,633,52,55,91,25,24,1,0.9890625,1,0.964912280701754,1,0.961538461538462,1,"BA.5.2",0.455108359133127,0.0631578947368421
"C10252T",30,1,29,0,0,0,0,0,0.00136054421768707,0.0453125,0,0,0,0,0,"CJ.1",0.966666666666667,0.933333333333333
"C10369T",97,6,0,0,0,91,0,0,0.00816326530612245,0,0,0,1,0,0,"BA.5.2.9",0.938144329896907,0.876288659793814
"C10449A",1623,734,640,52,57,90,26,24,0.998639455782313,1,1,1,0.989010989010989,1,1,"BA.5.2",0.452248921749846,0.0579174368453481
"C10450T",3,3,0,0,0,0,0,0,0.00408163265306122,0,0,0,0,0,0,"BA.5.2",1,1
"C106T",5,0,5,0,0,0,0,0,0,0.0078125,0,0,0,0,0,"CJ.1",1,1
"C10789T",3,3,0,0,0,0,0,0,0.00408163265306122,0,0,0,0,0,0,"BA.5.2",1,1
"C11020T",12,10,0,1,1,0,0,0,0.0136054421768707,0,0.0192307692307692,0.0175438596491228,0,0,0,"BA.5.2",0.833333333333333,0.75
"C1102T",3,3,0,0,0,0,0,0,0.00408163265306122,0,0,0,0,0,0,"BA.5.2",1,1
"C11195T",3,3,0,0,0,0,0,0,0.00408163265306122,0,0,0,0,0,0,"BA.5.2",1,1
"C11345T",16,0,16,0,0,0,0,0,0,0.025,0,0,0,0,0,"CJ.1",1,1
"C11394T",3,0,3,0,0,0,0,0,0,0.0046875,0,0,0,0,0,"CJ.1",1,1
"C11514T",6,3,3,0,0,0,0,0,0.00408163265306122,0.0046875,0,0,0,0,0,"BA.5.2",0.5,1.11022302462516e-16
"C11750T",18,2,11,0,5,0,0,0,0.00272108843537415,0.0171875,0,0.087719298245614,0,0,0,"CJ.1",0.611111111111111,0.333333333333333
"C1185T",4,0,4,0,0,0,0,0,0,0.00625,0,0,0,0,0,"CJ.1",1,1
"C1190T",6,6,0,0,0,0,0,0,0.00816326530612245,0,0,0,0,0,0,"BA.5.2",1,1
"C11956T",7,6,1,0,0,0,0,0,0.00816326530612245,0.0015625,0,0,0,0,0,"BA.5.2",0.857142857142857,0.714285714285714
"C12029A",3,0,3,0,0,0,0,0,0,0.0046875,0,0,0,0,0,"CJ.1",1,1
"C12049T",4,0,4,0,0,0,0,0,0,0.00625,0,0,0,0,0,"CJ.1",1,1
"C12076T",11,4,5,0,2,0,0,0,0.0054421768707483,0.0078125,0,0.0350877192982456,0,0,0,"CJ.1",0.454545454545455,0.0909090909090909
"C12085T",3,2,1,0,0,0,0,0,0.00272108843537415,0.0015625,0,0,0,0,0,"BA.5.2",0.666666666666667,0.333333333333333
"C12100T",5,1,0,0,0,0,0,4,0.00136054421768707,0,0,0,0,0,0.166666666666667,"BA.5.2.6",0.8,0.6
"C12115T",3,1,1,1,0,0,0,0,0.00136054421768707,0.0015625,0.0192307692307692,0,0,0,0,"CJ.1",0.333333333333333,0
"C12312T",5,5,0,0,0,0,0,0,0.00680272108843537,0,0,0,0,0,0,"BA.5.2",1,1
"C123T",19,0,1,18,0,0,0,0,0,0.0015625,0.346153846153846,0,0,0,0,"XBK",0.947368421052632,0.894736842105263
"C12459T",3,3,0,0,0,0,0,0,0.00408163265306122,0,0,0,0,0,0,"BA.5.2",1,1
"C12473T",8,0,0,8,0,0,0,0,0,0,0.153846153846154,0,0,0,0,"XBK",1,1
"C12651T",3,2,1,0,0,0,0,0,0.00272108843537415,0.0015625,0,0,0,0,0,"BA.5.2",0.666666666666667,0.333333333333333
"C12754T",7,1,0,6,0,0,0,0,0.00136054421768707,0,0.115384615384615,0,0,0,0,"XBK",0.857142857142857,0.714285714285714
"C12763T",3,1,2,0,0,0,0,0,0.00136054421768707,0.003125,0,0,0,0,0,"CJ.1",0.666666666666667,0.333333333333333
"C12784T",5,4,0,0,0,1,0,0,0.0054421768707483,0,0,0,0.010989010989011,0,0,"BA.5.2",0.8,0.6
"C12880T",1624,735,639,52,57,91,26,24,1,0.9984375,1,1,1,1,1,"BA.5.2",0.452586206896552,0.0591133004926109
"C12885T",10,0,0,0,10,0,0,0,0,0,0,0.175438596491228,0,0,0,"CJ.1.1",1,1
"C1302T",4,4,0,0,0,0,0,0,0.0054421768707483,0,0,0,0,0,0,"BA.5.2",1,1
"C13115T",3,3,0,0,0,0,0,0,0.00408163265306122,0,0,0,0,0,0,"BA.5.2",1,1
"C13252T",3,3,0,0,0,0,0,0,0.00408163265306122,0,0,0,0,0,0,"BA.5.2",1,1
"C1342T",3,1,0,0,0,2,0,0,0.00136054421768707,0,0,0,0.021978021978022,0,0,"BA.5.2.9",0.666666666666667,0.333333333333333
"C13620T",4,1,0,3,0,0,0,0,0.00136054421768707,0,0.0576923076923077,0,0,0,0,"XBK",0.75,0.5
"C13994T",6,2,0,0,0,0,0,4,0.00272108843537415,0,0,0,0,0,0.166666666666667,"BA.5.2.6",0.666666666666667,0.333333333333333
"C14408T",1625,735,640,52,57,91,26,24,1,1,1,1,1,1,1,"BA.5.2",0.452307692307692,0.0584615384615385
"C14649T",15,0,15,0,0,0,0,0,0,0.0234375,0,0,0,0,0,"CJ.1",1,1
"C14694A",4,0,0,4,0,0,0,0,0,0,0.0769230769230769,0,0,0,0,"XBK",1,1
"C14790T",119,0,119,0,0,0,0,0,0,0.1859375,0,0,0,0,0,"CJ.1",1,1
"C14877T",3,1,1,0,0,1,0,0,0.00136054421768707,0.0015625,0,0,0.010989010989011,0,0,"CJ.1",0.333333333333333,0
"C14931T",6,4,2,0,0,0,0,0,0.0054421768707483,0.003125,0,0,0,0,0,"BA.5.2",0.666666666666667,0.333333333333333
"C15017T",4,3,0,0,0,0,0,1,0.00408163265306122,0,0,0,0,0,0.0416666666666667,"BA.5.2",0.75,0.5
"C15026T",3,3,0,0,0,0,0,0,0.00408163265306122,0,0,0,0,0,0,"BA.5.2",1,1
"C15240T",3,3,0,0,0,0,0,0,0.00408163265306122,0,0,0,0,0,0,"BA.5.2",1,1
"C15324T",8,8,0,0,0,0,0,0,0.0108843537414966,0,0,0,0,0,0,"BA.5.2",1,1
"C15540T",4,2,0,0,0,1,1,0,0.00272108843537415,0,0,0,0.010989010989011,0.0384615384615385,0,"BA.5.2",0.5,0.25
"C15656T",11,0,11,0,0,0,0,0,0,0.0171875,0,0,0,0,0,"CJ.1",1,1
"C15714T",1625,735,640,52,57,91,26,24,1,1,1,1,1,1,1,"BA.5.2",0.452307692307692,0.0584615384615385
"C15720T",10,2,8,0,0,0,0,0,0.00272108843537415,0.0125,0,0,0,0,0,"CJ.1",0.8,0.6
"C15904A",7,0,7,0,0,0,0,0,0,0.0109375,0,0,0,0,0,"CJ.1",1,1
"C1609A",4,0,0,0,4,0,0,0,0,0,0,0.0701754385964912,0,0,0,"CJ.1.1",1,1
"C16178T",4,0,4,0,0,0,0,0,0,0.00625,0,0,0,0,0,"CJ.1",1,1
"C1627T",905,715,0,51,0,91,25,23,0.972789115646258,0,0.980769230769231,0,1,0.961538461538462,0.958333333333333,"BA.5.2",0.790055248618785,0.689502762430939
"C16289T",3,0,3,0,0,0,0,0,0,0.0046875,0,0,0,0,0,"CJ.1",1,1
"C16428T",5,3,0,1,0,1,0,0,0.00408163265306122,0,0.0192307692307692,0,0.010989010989011,0,0,"BA.5.2",0.6,0.4
"C16616A",585,535,0,0,0,0,26,24,0.727891156462585,0,0,0,0,1,1,"BA.5.2",0.914529914529915,0.87008547008547
"C1684T",4,4,0,0,0,0,0,0,0.0054421768707483,0,0,0,0,0,0,"BA.5.2",1,1
"C16887T",10,4,4,0,0,2,0,0,0.0054421768707483,0.00625,0,0,0.021978021978022,0,0,"CJ.1",0.4,5.55111512312578e-17
"C16995T",4,2,0,0,0,0,0,2,0.00272108843537415,0,0,0,0,0,0.0833333333333333,"BA.5.2",0.5,0
"C17125T",16,0,16,0,0,0,0,0,0,0.025,0,0,0,0,0,"CJ.1",1,1
"C17410T",1624,735,639,52,57,91,26,24,1,0.9984375,1,1,1,1,1,"BA.5.2",0.452586206896552,0.0591133004926109
"C17474T",10,1,0,0,9,0,0,0,0.00136054421768707,0,0,0.157894736842105,0,0,0,"CJ.1.1",0.9,0.8
"C17502T",7,7,0,0,0,0,0,0,0.00952380952380952,0,0,0,0,0,0,"BA.5.2",1,1
"C17676T",3,2,0,0,0,0,1,0,0.00272108843537415,0,0,0,0,0.0384615384615385,0,"BA.5.2",0.666666666666667,0.333333333333333
"C17746T",3,3,0,0,0,0,0,0,0.00408163265306122,0,0,0,0,0,0,"BA.5.2",1,1
"C17850T",3,2,1,0,0,0,0,0,0.00272108843537415,0.0015625,0,0,0,0,0,"BA.5.2",0.666666666666667,0.333333333333333
"C17934T",34,0,34,0,0,0,0,0,0,0.053125,0,0,0,0,0,"CJ.1",1,1
"C17939T",4,0,4,0,0,0,0,0,0,0.00625,0,0,0,0,0,"CJ.1",1,1
"C18084T",3,0,3,0,0,0,0,0,0,0.0046875,0,0,0,0,0,"CJ.1",1,1
"C18086T",3,3,0,0,0,0,0,0,0.00408163265306122,0,0,0,0,0,0,"BA.5.2",1,1
"C18167A",23,0,23,0,0,0,0,0,0,0.0359375,0,0,0,0,0,"CJ.1",1,1
"C18431T",3,2,0,1,0,0,0,0,0.00272108843537415,0,0.0192307692307692,0,0,0,0,"BA.5.2",0.666666666666667,0.333333333333333
"C18570T",3,1,0,0,0,2,0,0,0.00136054421768707,0,0,0,0.021978021978022,0,0,"BA.5.2.9",0.666666666666667,0.333333333333333
"C186T",4,4,0,0,0,0,0,0,0.0054421768707483,0,0,0,0,0,0,"BA.5.2",1,1
"C18747T",4,2,2,0,0,0,0,0,0.00272108843537415,0.003125,0,0,0,0,0,"CJ.1",0.5,1.11022302462516e-16
"C18788T",3,3,0,0,0,0,0,0,0.00408163265306122,0,0,0,0,0,0,"BA.5.2",1,1
"C18814T",3,3,0,0,0,0,0,0,0.00408163265306122,0,0,0,0,0,0,"BA.5.2",1,1
"C18946T",8,8,0,0,0,0,0,0,0.0108843537414966,0,0,0,0,0,0,"BA.5.2",1,1
"C19011T",8,8,0,0,0,0,0,0,0.0108843537414966,0,0,0,0,0,0,"BA.5.2",1,1
"C19152T",4,0,0,0,0,0,0,4,0,0,0,0,0,0,0.166666666666667,"BA.5.2.6",1,1
"C19164T",3,3,0,0,0,0,0,0,0.00408163265306122,0,0,0,0,0,0,"BA.5.2",1,1
"C19170T",3,2,1,0,0,0,0,0,0.00272108843537415,0.0015625,0,0,0,0,0,"BA.5.2",0.666666666666667,0.333333333333333
"C19185T",4,1,2,0,1,0,0,0,0.00136054421768707,0.003125,0,0.0175438596491228,0,0,0,"CJ.1",0.5,0.25
"C19255T",7,0,0,0,0,7,0,0,0,0,0,0,0.0769230769230769,0,0,"BA.5.2.9",1,1
"C1931A",14,0,14,0,0,0,0,0,0,0.021875,0,0,0,0,0,"CJ.1",1,1
"C19366T",4,0,0,0,4,0,0,0,0,0,0,0.0701754385964912,0,0,0,"CJ.1.1",1,1
"C1960T",5,0,5,0,0,0,0,0,0,0.0078125,0,0,0,0,0,"CJ.1",1,1
"C19938T",5,0,5,0,0,0,0,0,0,0.0078125,0,0,0,0,0,"CJ.1",1,1
"C19955T",1561,717,607,43,57,88,25,24,0.975510204081633,0.9484375,0.826923076923077,1,0.967032967032967,0.961538461538462,1,"BA.5.2",0.459320948110186,0.0704676489429853
"C20104T",3,0,3,0,0,0,0,0,0,0.0046875,0,0,0,0,0,"CJ.1",1,1
"C20148T",14,4,0,0,10,0,0,0,0.0054421768707483,0,0,0.175438596491228,0,0,0,"CJ.1.1",0.714285714285714,0.428571428571428
"C2037T",3,2,0,0,0,1,0,0,0.00272108843537415,0,0,0,0.010989010989011,0,0,"BA.5.2",0.666666666666667,0.333333333333333
"C203T",12,0,8,4,0,0,0,0,0,0.0125,0.0769230769230769,0,0,0,0,"CJ.1",0.666666666666667,0.333333333333333
"C20677T",6,6,0,0,0,0,0,0,0.00816326530612245,0,0,0,0,0,0,"BA.5.2",1,1
"C20844T",10,10,0,0,0,0,0,0,0.0136054421768707,0,0,0,0,0,0,"BA.5.2",1,1
"C21077T",12,2,0,10,0,0,0,0,0.00272108843537415,0,0.192307692307692,0,0,0,0,"XBK",0.833333333333333,0.666666666666667
"C21145T",7,4,0,0,0,0,0,3,0.0054421768707483,0,0,0,0,0,0.125,"BA.5.2",0.571428571428571,0.142857142857143
"C21306T",5,5,0,0,0,0,0,0,0.00680272108843537,0,0,0,0,0,0,"BA.5.2",1,1
"C21575T",22,20,2,0,0,0,0,0,0.0272108843537415,0.003125,0,0,0,0,0,"BA.5.2",0.909090909090909,0.818181818181818
"C21618T",1600,732,619,52,56,91,26,24,0.995918367346939,0.9671875,1,0.982456140350877,1,1,1,"BA.5.2",0.4575,0.0706249999999999
"C21646T",7,5,2,0,0,0,0,0,0.00680272108843537,0.003125,0,0,0,0,0,"BA.5.2",0.714285714285714,0.428571428571429
"C21997T",4,3,1,0,0,0,0,0,0.00408163265306122,0.0015625,0,0,0,0,0,"BA.5.2",0.75,0.5
"C21998T",3,0,0,0,0,1,2,0,0,0,0,0,0.010989010989011,0.0769230769230769,0,"BA.5.2.21",0.666666666666667,0.333333333333333
"C21T",5,1,0,4,0,0,0,0,0.00136054421768707,0,0.0769230769230769,0,0,0,0,"XBK",0.8,0.6
"C22009T",3,3,0,0,0,0,0,0,0.00408163265306122,0,0,0,0,0,0,"BA.5.2",1,1
"C22033A",718,0,616,46,56,0,0,0,0,0.9625,0.884615384615385,0.982456140350877,0,0,0,"CJ.1",0.857938718662953,0.779944289693593
"C22313A",5,5,0,0,0,0,0,0,0.00680272108843537,0,0,0,0,0,0,"BA.5.2",1,1
"C22314T",7,7,0,0,0,0,0,0,0.00952380952380952,0,0,0,0,0,0,"BA.5.2",1,1
"C2245T",4,0,4,0,0,0,0,0,0,0.00625,0,0,0,0,0,"CJ.1",1,1
"C2260T",31,1,30,0,0,0,0,0,0.00136054421768707,0.046875,0,0,0,0,0,"CJ.1",0.967741935483871,0.935483870967742
"C22674T",1603,733,623,50,57,90,26,24,0.997278911564626,0.9734375,0.961538461538462,1,0.989010989010989,1,1,"BA.5.2",0.457267623206488,0.0686213349968809
"C22686T",1603,733,623,51,56,90,26,24,0.997278911564626,0.9734375,0.980769230769231,0.982456140350877,0.989010989010989,1,1,"BA.5.2",0.457267623206488,0.0686213349968809
"C22792T",5,1,3,0,0,0,1,0,0.00136054421768707,0.0046875,0,0,0,0.0384615384615385,0,"CJ.1",0.6,0.4
"C22995A",1615,732,634,52,57,90,26,24,0.995918367346939,0.990625,1,1,0.989010989010989,1,1,"BA.5.2",0.453250773993808,0.0606811145510836
"C23059A",4,0,4,0,0,0,0,0,0,0.00625,0,0,0,0,0,"CJ.1",1,1
"C2306T",34,34,0,0,0,0,0,0,0.0462585034013605,0,0,0,0,0,0,"BA.5.2",1,1
"C23202A",3,2,1,0,0,0,0,0,0.00272108843537415,0.0015625,0,0,0,0,0,"BA.5.2",0.666666666666667,0.333333333333333
"C23248T",14,1,0,0,13,0,0,0,0.00136054421768707,0,0,0.228070175438596,0,0,0,"CJ.1.1",0.928571428571428,0.857142857142857
"C23260T",9,0,0,0,9,0,0,0,0,0,0,0.157894736842105,0,0,0,"CJ.1.1",1,1
"C23280T",3,0,0,3,0,0,0,0,0,0,0.0576923076923077,0,0,0,0,"XBK",1,1
"C23290T",8,0,8,0,0,0,0,0,0,0.0125,0,0,0,0,0,"CJ.1",1,1
"C23520T",11,11,0,0,0,0,0,0,0.0149659863945578,0,0,0,0,0,0,"BA.5.2",1,1
"C23525T",1623,734,639,52,57,91,26,24,0.998639455782313,0.9984375,1,1,1,1,1,"BA.5.2",0.452248921749846,0.0585335797905114
"C23604A",1619,734,637,51,57,90,26,24,0.998639455782313,0.9953125,0.980769230769231,1,0.989010989010989,1,1,"BA.5.2",0.453366275478691,0.0599135268684373
"C23635T",14,3,1,10,0,0,0,0,0.00408163265306122,0.0015625,0.192307692307692,0,0,0,0,"XBK",0.714285714285714,0.5
"C23707T",12,8,0,0,0,0,0,4,0.0108843537414966,0,0,0,0,0,0.166666666666667,"BA.5.2",0.666666666666667,0.333333333333333
"C23802T",3,3,0,0,0,0,0,0,0.00408163265306122,0,0,0,0,0,0,"BA.5.2",1,1
"C23854A",1623,734,639,52,57,91,26,24,0.998639455782313,0.9984375,1,1,1,1,1,"BA.5.2",0.452248921749846,0.0585335797905114
"C2401T",6,0,6,0,0,0,0,0,0,0.009375,0,0,0,0,0,"CJ.1",1,1
"C24181T",7,6,0,0,0,0,1,0,0.00816326530612245,0,0,0,0,0.0384615384615385,0,"BA.5.2",0.857142857142857,0.714285714285714
"C241T",1478,674,571,48,53,87,23,22,0.917006802721088,0.8921875,0.923076923076923,0.929824561403509,0.956043956043956,0.884615384615385,0.916666666666667,"BA.5.2",0.456021650879567,0.0696887686062246
"C24616T",4,4,0,0,0,0,0,0,0.0054421768707483,0,0,0,0,0,0,"BA.5.2",1,1
"C24904T",10,2,8,0,0,0,0,0,0.00272108843537415,0.0125,0,0,0,0,0,"CJ.1",0.8,0.6
"C25000T",1599,723,626,52,57,91,26,24,0.983673469387755,0.978125,1,1,1,1,1,"BA.5.2",0.452157598499062,0.0606629143214508
"C25046T",11,1,0,10,0,0,0,0,0.00136054421768707,0,0.192307692307692,0,0,0,0,"XBK",0.909090909090909,0.818181818181818
"C2509A",33,33,0,0,0,0,0,0,0.0448979591836735,0,0,0,0,0,0,"BA.5.2",1,1
"C25162A",3,2,1,0,0,0,0,0,0.00272108843537415,0.0015625,0,0,0,0,0,"BA.5.2",0.666666666666667,0.333333333333333
"C25163A",3,2,1,0,0,0,0,0,0.00272108843537415,0.0015625,0,0,0,0,0,"BA.5.2",0.666666666666667,0.333333333333333
"C25339T",3,1,0,0,0,2,0,0,0.00136054421768707,0,0,0,0.021978021978022,0,0,"BA.5.2.9",0.666666666666667,0.333333333333333
"C25350T",4,3,0,1,0,0,0,0,0.00408163265306122,0,0.0192307692307692,0,0,0,0,"BA.5.2",0.75,0.5
"C25413T",3,3,0,0,0,0,0,0,0.00408163265306122,0,0,0,0,0,0,"BA.5.2",1,1
"C25416T",750,1,640,52,57,0,0,0,0.00136054421768707,1,1,1,0,0,0,"CJ.1",0.853333333333333,0.777333333333333
"C2544A",7,0,0,7,0,0,0,0,0,0,0.134615384615385,0,0,0,0,"XBK",1,1
"C25521T",6,3,1,0,0,1,1,0,0.00408163265306122,0.0015625,0,0,0.010989010989011,0.0384615384615385,0,"BA.5.2",0.5,0.333333333333333
"C25584T",1625,735,640,52,57,91,26,24,1,1,1,1,1,1,1,"BA.5.2",0.452307692307692,0.0584615384615385
"C25613T",3,0,0,0,0,3,0,0,0,0,0,0,0.032967032967033,0,0,"BA.5.2.9",1,1
"C25626T",5,2,0,0,0,0,0,3,0.00272108843537415,0,0,0,0,0,0.125,"BA.5.2.6",0.6,0.2
"C25896T",16,16,0,0,0,0,0,0,0.0217687074829932,0,0,0,0,0,0,"BA.5.2",1,1
"C25904T",3,1,0,2,0,0,0,0,0.00136054421768707,0,0.0384615384615385,0,0,0,0,"XBK",0.666666666666667,0.333333333333333
"C26060T",1624,735,639,52,57,91,26,24,1,0.9984375,1,1,1,1,1,"BA.5.2",0.452586206896552,0.0591133004926109
"C26201T",11,11,0,0,0,0,0,0,0.0149659863945578,0,0,0,0,0,0,"BA.5.2",1,1
"C26270T",1613,723,640,52,57,91,26,24,0.983673469387755,1,1,1,1,1,1,"BA.5.2",0.448233106013639,0.0514569125852449
"C26305T",11,0,0,0,11,0,0,0,0,0,0,0.192982456140351,0,0,0,"CJ.1.1",1,1
"C26447T",4,3,0,0,1,0,0,0,0.00408163265306122,0,0,0.0175438596491228,0,0,0,"BA.5.2",0.75,0.5
"C2644A",4,0,4,0,0,0,0,0,0,0.00625,0,0,0,0,0,"CJ.1",1,1
"C2644T",4,4,0,0,0,0,0,0,0.0054421768707483,0,0,0,0,0,0,"BA.5.2",1,1
"C26461T",3,0,3,0,0,0,0,0,0,0.0046875,0,0,0,0,0,"CJ.1",1,1
"C26577G",1531,714,569,51,57,91,25,24,0.971428571428571,0.8890625,0.980769230769231,1,1,0.961538461538462,1,"BA.5.2",0.466361854996734,0.0947093403004572
"C26681T",18,8,6,4,0,0,0,0,0.0108843537414966,0.009375,0.0769230769230769,0,0,0,0,"BA.5.2",0.444444444444444,0.111111111111111
"C26688T",3,3,0,0,0,0,0,0,0.00408163265306122,0,0,0,0,0,0,"BA.5.2",1,1
"C26753A",3,0,3,0,0,0,0,0,0,0.0046875,0,0,0,0,0,"CJ.1",1,1
"C26753T",3,3,0,0,0,0,0,0,0.00408163265306122,0,0,0,0,0,0,"BA.5.2",1,1
"C26858T",725,2,615,51,57,0,0,0,0.00272108843537415,0.9609375,0.980769230769231,1,0,0,0,"CJ.1",0.848275862068965,0.769655172413793
"C26895T",3,1,2,0,0,0,0,0,0.00136054421768707,0.003125,0,0,0,0,0,"CJ.1",0.666666666666667,0.333333333333333
"C27002T",3,2,0,0,0,1,0,0,0.00272108843537415,0,0,0,0.010989010989011,0,0,"BA.5.2",0.666666666666667,0.333333333333333
"C27012T",532,486,0,0,0,0,24,22,0.661224489795918,0,0,0,0,0.923076923076923,0.916666666666667,"BA.5.2",0.913533834586466,0.868421052631579
"C2701T",4,0,0,4,0,0,0,0,0,0,0.0769230769230769,0,0,0,0,"XBK",1,1
"C27059T",7,7,0,0,0,0,0,0,0.00952380952380952,0,0,0,0,0,0,"BA.5.2",1,1
"C27092T",3,1,0,2,0,0,0,0,0.00136054421768707,0,0.0384615384615385,0,0,0,0,"XBK",0.666666666666667,0.333333333333333
"C2710T",12,11,1,0,0,0,0,0,0.0149659863945578,0.0015625,0,0,0,0,0,"BA.5.2",0.916666666666667,0.833333333333333
"C27294T",3,0,0,0,0,3,0,0,0,0,0,0,0.032967032967033,0,0,"BA.5.2.9",1,1
"C27389T",12,12,0,0,0,0,0,0,0.0163265306122449,0,0,0,0,0,0,"BA.5.2",1,1
"C27393A",3,0,0,0,0,0,0,3,0,0,0,0,0,0,0.125,"BA.5.2.6",1,1
"C27393T",3,3,0,0,0,0,0,0,0.00408163265306122,0,0,0,0,0,0,"BA.5.2",1,1
"C27434T",83,0,83,0,0,0,0,0,0,0.1296875,0,0,0,0,0,"CJ.1",1,1
"C27476T",6,5,0,0,0,1,0,0,0.00680272108843537,0,0,0,0.010989010989011,0,0,"BA.5.2",0.833333333333333,0.666666666666667
"C27513T",558,510,0,0,0,0,25,23,0.693877551020408,0,0,0,0,0.961538461538462,0.958333333333333,"BA.5.2",0.913978494623656,0.869175627240143
"C27577T",22,3,19,0,0,0,0,0,0.00408163265306122,0.0296875,0,0,0,0,0,"CJ.1",0.863636363636364,0.727272727272727
"C27707T",9,1,7,0,0,0,0,1,0.00136054421768707,0.0109375,0,0,0,0,0.0416666666666667,"CJ.1",0.777777777777778,0.666666666666667
"C2773T",28,0,0,0,27,0,0,1,0,0,0,0.473684210526316,0,0,0.0416666666666667,"CJ.1.1",0.964285714285714,0.928571428571429
"C27741T",3,2,1,0,0,0,0,0,0.00272108843537415,0.0015625,0,0,0,0,0,"BA.5.2",0.666666666666667,0.333333333333333
"C27807T",1621,735,638,50,57,91,26,24,1,0.996875,0.961538461538462,1,1,1,1,"BA.5.2",0.453423812461444,0.0598396051819864
"C27889T",872,731,0,0,0,91,26,24,0.994557823129252,0,0,0,1,1,1,"BA.5.2",0.838302752293578,0.73394495412844
"C2788T",3,1,2,0,0,0,0,0,0.00136054421768707,0.003125,0,0,0,0,0,"CJ.1",0.666666666666667,0.333333333333333
"C2790T",1623,735,638,52,57,91,26,24,1,0.996875,1,1,1,1,1,"BA.5.2",0.452865064695009,0.059765865680838
"C27978T",4,4,0,0,0,0,0,0,0.0054421768707483,0,0,0,0,0,0,"BA.5.2",1,1
"C28000T",3,3,0,0,0,0,0,0,0.00408163265306122,0,0,0,0,0,0,"BA.5.2",1,1
"C28057T",4,3,0,0,0,1,0,0,0.00408163265306122,0,0,0,0.010989010989011,0,0,"BA.5.2",0.75,0.5
"C28311T",1623,735,639,52,56,91,26,24,1,0.9984375,1,0.982456140350877,1,1,1,"BA.5.2",0.452865064695009,0.0591497227356747
"C28432T",3,3,0,0,0,0,0,0,0.00408163265306122,0,0,0,0,0,0,"BA.5.2",1,1
"C28531T",3,3,0,0,0,0,0,0,0.00408163265306122,0,0,0,0,0,0,"BA.5.2",1,1
"C28542T",17,0,0,0,17,0,0,0,0,0,0,0.298245614035088,0,0,0,"CJ.1.1",1,1
"C28603T",17,0,3,0,13,0,0,1,0,0.0046875,0,0.228070175438596,0,0,0.0416666666666667,"CJ.1.1",0.764705882352941,0.588235294117647
"C28674T",13,2,11,0,0,0,0,0,0.00272108843537415,0.0171875,0,0,0,0,0,"CJ.1",0.846153846153846,0.692307692307692
"C28677T",3,2,1,0,0,0,0,0,0.00272108843537415,0.0015625,0,0,0,0,0,"BA.5.2",0.666666666666667,0.333333333333333
"C28706T",4,0,4,0,0,0,0,0,0,0.00625,0,0,0,0,0,"CJ.1",1,1
"C28708T",3,3,0,0,0,0,0,0,0.00408163265306122,0,0,0,0,0,0,"BA.5.2",1,1
"C28732T",3,0,3,0,0,0,0,0,0,0.0046875,0,0,0,0,0,"CJ.1",1,1
"C28744T",4,4,0,0,0,0,0,0,0.0054421768707483,0,0,0,0,0,0,"BA.5.2",1,1
"C28776T",18,0,0,0,18,0,0,0,0,0,0,0.315789473684211,0,0,0,"CJ.1.1",1,1
"C28791T",5,5,0,0,0,0,0,0,0.00680272108843537,0,0,0,0,0,0,"BA.5.2",1,1
"C29077T",31,5,25,1,0,0,0,0,0.00680272108843537,0.0390625,0.0192307692307692,0,0,0,0,"CJ.1",0.806451612903226,0.645161290322581
"C29095T",4,4,0,0,0,0,0,0,0.0054421768707483,0,0,0,0,0,0,"BA.5.2",1,1
"C29200T",4,4,0,0,0,0,0,0,0.0054421768707483,0,0,0,0,0,0,"BA.5.2",1,1
"C29280T",9,0,9,0,0,0,0,0,0,0.0140625,0,0,0,0,0,"CJ.1",1,1
"C29284T",6,6,0,0,0,0,0,0,0.00816326530612245,0,0,0,0,0,0,"BA.5.2",1,1
"C29353T",7,1,0,6,0,0,0,0,0.00136054421768707,0,0.115384615384615,0,0,0,0,"XBK",0.857142857142857,0.714285714285714
"C29555T",4,4,0,0,0,0,0,0,0.0054421768707483,0,0,0,0,0,0,"BA.5.2",1,1
"C29585T",3,2,1,0,0,0,0,0,0.00272108843537415,0.0015625,0,0,0,0,0,"BA.5.2",0.666666666666667,0.333333333333333
"C29614T",6,6,0,0,0,0,0,0,0.00816326530612245,0,0,0,0,0,0,"BA.5.2",1,1
"C29686T",3,1,2,0,0,0,0,0,0.00136054421768707,0.003125,0,0,0,0,0,"CJ.1",0.666666666666667,0.333333333333333
"C29762T",5,4,0,0,0,1,0,0,0.0054421768707483,0,0,0,0.010989010989011,0,0,"BA.5.2",0.8,0.6
"C29769T",4,4,0,0,0,0,0,0,0.0054421768707483,0,0,0,0,0,0,"BA.5.2",1,1
"C29774T",9,7,2,0,0,0,0,0,0.00952380952380952,0.003125,0,0,0,0,0,"BA.5.2",0.777777777777778,0.555555555555556
"C29870A",6,5,0,0,0,1,0,0,0.00680272108843537,0,0,0,0.010989010989011,0,0,"BA.5.2",0.833333333333333,0.666666666666667
"C3037T",1623,735,639,52,56,91,26,24,1,0.9984375,1,0.982456140350877,1,1,1,"BA.5.2",0.452865064695009,0.0591497227356747
"C307T",3,0,0,3,0,0,0,0,0,0,0.0576923076923077,0,0,0,0,"XBK",1,1
"C3096T",3,1,0,1,0,0,0,1,0.00136054421768707,0,0.0192307692307692,0,0,0,0.0416666666666667,"XBK",0.333333333333333,5.55111512312578e-17
"C3261T",5,0,5,0,0,0,0,0,0,0.0078125,0,0,0,0,0,"CJ.1",1,1
"C3267T",3,1,1,1,0,0,0,0,0.00136054421768707,0.0015625,0.0192307692307692,0,0,0,0,"CJ.1",0.333333333333333,0
"C335T",4,2,0,0,0,2,0,0,0.00272108843537415,0,0,0,0.021978021978022,0,0,"BA.5.2.9",0.5,1.11022302462516e-16
"C340T",27,0,27,0,0,0,0,0,0,0.0421875,0,0,0,0,0,"CJ.1",1,1
"C3688T",3,3,0,0,0,0,0,0,0.00408163265306122,0,0,0,0,0,0,"BA.5.2",1,1
"C3737T",3,3,0,0,0,0,0,0,0.00408163265306122,0,0,0,0,0,0,"BA.5.2",1,1
"C3796T",730,1,621,51,57,0,0,0,0.00136054421768707,0.9703125,0.980769230769231,1,0,0,0,"CJ.1",0.850684931506849,0.772602739726028
"C3874T",3,2,1,0,0,0,0,0,0.00272108843537415,0.0015625,0,0,0,0,0,"BA.5.2",0.666666666666667,0.333333333333333
"C3927T",730,0,622,51,57,0,0,0,0,0.971875,0.980769230769231,1,0,0,0,"CJ.1",0.852054794520548,0.773972602739726
"C4276T",11,1,0,10,0,0,0,0,0.00136054421768707,0,0.192307692307692,0,0,0,0,"XBK",0.909090909090909,0.818181818181818
"C4321T",1618,734,637,51,56,90,26,24,0.998639455782313,0.9953125,0.980769230769231,0.982456140350877,0.989010989010989,1,1,"BA.5.2",0.453646477132262,0.0599505562422744
"C4331T",3,3,0,0,0,0,0,0,0.00408163265306122,0,0,0,0,0,0,"BA.5.2",1,1
"C44T",270,140,69,4,14,27,10,6,0.19047619047619,0.1078125,0.0769230769230769,0.245614035087719,0.296703296703297,0.384615384615385,0.25,"BA.5.2",0.518518518518518,0.262962962962963
"C4540T",3,1,2,0,0,0,0,0,0.00136054421768707,0.003125,0,0,0,0,0,"CJ.1",0.666666666666667,0.333333333333333
"C4573T",4,4,0,0,0,0,0,0,0.0054421768707483,0,0,0,0,0,0,"BA.5.2",1,1
"C4582T",6,0,6,0,0,0,0,0,0,0.009375,0,0,0,0,0,"CJ.1",1,1
"C4586T",680,0,577,47,56,0,0,0,0,0.9015625,0.903846153846154,0.982456140350877,0,0,0,"CJ.1",0.848529411764706,0.766176470588235
"C4795T",3,0,3,0,0,0,0,0,0,0.0046875,0,0,0,0,0,"CJ.1",1,1
"C4999T",5,4,0,0,0,1,0,0,0.0054421768707483,0,0,0,0.010989010989011,0,0,"BA.5.2",0.8,0.6
"C5144T",10,5,5,0,0,0,0,0,0.00680272108843537,0.0078125,0,0,0,0,0,"BA.5.2",0.5,0
"C5183T",733,0,625,52,56,0,0,0,0,0.9765625,1,0.982456140350877,0,0,0,"CJ.1",0.852660300136426,0.776261937244202
"C5192T",3,1,2,0,0,0,0,0,0.00136054421768707,0.003125,0,0,0,0,0,"CJ.1",0.666666666666667,0.333333333333333
"C5239T",3,3,0,0,0,0,0,0,0.00408163265306122,0,0,0,0,0,0,"BA.5.2",1,1
"C5284T",31,7,0,0,0,0,24,0,0.00952380952380952,0,0,0,0,0.923076923076923,0,"BA.5.2.21",0.774193548387097,0.548387096774194
"C5310T",4,4,0,0,0,0,0,0,0.0054421768707483,0,0,0,0,0,0,"BA.5.2",1,1
"C5497T",4,4,0,0,0,0,0,0,0.0054421768707483,0,0,0,0,0,0,"BA.5.2",1,1
"C5622T",9,8,0,1,0,0,0,0,0.0108843537414966,0,0.0192307692307692,0,0,0,0,"BA.5.2",0.888888888888889,0.777777777777778
"C5730T",3,1,2,0,0,0,0,0,0.00136054421768707,0.003125,0,0,0,0,0,"CJ.1",0.666666666666667,0.333333333333333
"C5784T",4,4,0,0,0,0,0,0,0.0054421768707483,0,0,0,0,0,0,"BA.5.2",1,1
"C5812T",5,3,2,0,0,0,0,0,0.00408163265306122,0.003125,0,0,0,0,0,"BA.5.2",0.6,0.2
"C5826T",3,0,0,2,0,0,0,1,0,0,0.0384615384615385,0,0,0,0.0416666666666667,"XBK",0.666666666666667,0.333333333333333
"C5842T",4,0,4,0,0,0,0,0,0,0.00625,0,0,0,0,0,"CJ.1",1,1
"C5869T",3,2,0,0,0,1,0,0,0.00272108843537415,0,0,0,0.010989010989011,0,0,"BA.5.2",0.666666666666667,0.333333333333333
"C593T",11,0,0,0,11,0,0,0,0,0,0,0.192982456140351,0,0,0,"CJ.1.1",1,1
"C5986T",10,3,7,0,0,0,0,0,0.00408163265306122,0.0109375,0,0,0,0,0,"CJ.1",0.7,0.4
"C6026T",3,2,1,0,0,0,0,0,0.00272108843537415,0.0015625,0,0,0,0,0,"BA.5.2",0.666666666666667,0.333333333333333
"C6031T",4,3,0,0,0,1,0,0,0.00408163265306122,0,0,0,0.010989010989011,0,0,"BA.5.2",0.75,0.5
"C6120T",4,4,0,0,0,0,0,0,0.0054421768707483,0,0,0,0,0,0,"BA.5.2",1,1
"C6286T",3,3,0,0,0,0,0,0,0.00408163265306122,0,0,0,0,0,0,"BA.5.2",1,1
"C6336T",16,1,15,0,0,0,0,0,0.00136054421768707,0.0234375,0,0,0,0,0,"CJ.1",0.9375,0.875
"C6354T",5,5,0,0,0,0,0,0,0.00680272108843537,0,0,0,0,0,0,"BA.5.2",1,1
"C635T",5,0,5,0,0,0,0,0,0,0.0078125,0,0,0,0,0,"CJ.1",1,1
"C6401T",3,3,0,0,0,0,0,0,0.00408163265306122,0,0,0,0,0,0,"BA.5.2",1,1
"C6449T",3,2,1,0,0,0,0,0,0.00272108843537415,0.0015625,0,0,0,0,0,"BA.5.2",0.666666666666667,0.333333333333333
"C6471T",3,3,0,0,0,0,0,0,0.00408163265306122,0,0,0,0,0,0,"BA.5.2",1,1
"C6525T",3,1,1,0,0,0,1,0,0.00136054421768707,0.0015625,0,0,0,0.0384615384615385,0,"CJ.1",0.333333333333333,0
"C657T",5,0,5,0,0,0,0,0,0,0.0078125,0,0,0,0,0,"CJ.1",1,1
"C6706T",5,4,0,0,0,1,0,0,0.0054421768707483,0,0,0,0.010989010989011,0,0,"BA.5.2",0.8,0.6
"C6730T",3,2,0,1,0,0,0,0,0.00272108843537415,0,0.0192307692307692,0,0,0,0,"BA.5.2",0.666666666666667,0.333333333333333
"C6762T",4,4,0,0,0,0,0,0,0.0054421768707483,0,0,0,0,0,0,"BA.5.2",1,1
"C683T",3,3,0,0,0,0,0,0,0.00408163265306122,0,0,0,0,0,0,"BA.5.2",1,1
"C6896T",5,1,0,0,0,4,0,0,0.00136054421768707,0,0,0,0.043956043956044,0,0,"BA.5.2.9",0.8,0.6
"C6990T",5,2,3,0,0,0,0,0,0.00272108843537415,0.0046875,0,0,0,0,0,"CJ.1",0.6,0.2
"C7081T",3,2,1,0,0,0,0,0,0.00272108843537415,0.0015625,0,0,0,0,0,"BA.5.2",0.666666666666667,0.333333333333333
"C7162T",7,3,0,0,0,4,0,0,0.00408163265306122,0,0,0,0.043956043956044,0,0,"BA.5.2.9",0.571428571428572,0.142857142857143
"C7267T",4,3,0,0,0,0,1,0,0.00408163265306122,0,0,0,0,0.0384615384615385,0,"BA.5.2",0.75,0.5
"C745T",3,3,0,0,0,0,0,0,0.00408163265306122,0,0,0,0,0,0,"BA.5.2",1,1
"C7945T",4,3,0,0,0,1,0,0,0.00408163265306122,0,0,0,0.010989010989011,0,0,"BA.5.2",0.75,0.5
"C8090T",489,1,488,0,0,0,0,0,0.00136054421768707,0.7625,0,0,0,0,0,"CJ.1",0.997955010224949,0.995910020449898
"C811T",3,0,0,0,0,0,0,3,0,0,0,0,0,0,0.125,"BA.5.2.6",1,1
"C8140T",4,2,2,0,0,0,0,0,0.00272108843537415,0.003125,0,0,0,0,0,"CJ.1",0.5,1.11022302462516e-16
"C815T",3,3,0,0,0,0,0,0,0.00408163265306122,0,0,0,0,0,0,"BA.5.2",1,1
"C8208T",3,2,0,0,0,1,0,0,0.00272108843537415,0,0,0,0.010989010989011,0,0,"BA.5.2",0.666666666666667,0.333333333333333
"C8344T",3,1,0,2,0,0,0,0,0.00136054421768707,0,0.0384615384615385,0,0,0,0,"XBK",0.666666666666667,0.333333333333333
"C8389T",3,0,3,0,0,0,0,0,0,0.0046875,0,0,0,0,0,"CJ.1",1,1
"C8626T",8,7,0,0,0,0,1,0,0.00952380952380952,0,0,0,0,0.0384615384615385,0,"BA.5.2",0.875,0.75
"C8739T",7,0,0,0,0,7,0,0,0,0,0,0,0.0769230769230769,0,0,"BA.5.2.9",1,1
"C8836T",5,5,0,0,0,0,0,0,0.00680272108843537,0,0,0,0,0,0,"BA.5.2",1,1
"C8917T",3,3,0,0,0,0,0,0,0.00408163265306122,0,0,0,0,0,0,"BA.5.2",1,1
"C8947T",5,5,0,0,0,0,0,0,0.00680272108843537,0,0,0,0,0,0,"BA.5.2",1,1
"C9073T",3,3,0,0,0,0,0,0,0.00408163265306122,0,0,0,0,0,0,"BA.5.2",1,1
"C920T",4,2,2,0,0,0,0,0,0.00272108843537415,0.003125,0,0,0,0,0,"CJ.1",0.5,1.11022302462516e-16
"C9223T",4,1,3,0,0,0,0,0,0.00136054421768707,0.0046875,0,0,0,0,0,"CJ.1",0.75,0.5
"C9246T",3,3,0,0,0,0,0,0,0.00408163265306122,0,0,0,0,0,0,"BA.5.2",1,1
"C9286T",3,3,0,0,0,0,0,0,0.00408163265306122,0,0,0,0,0,0,"BA.5.2",1,1
"C9344T",1615,734,633,51,57,91,25,24,0.998639455782313,0.9890625,0.980769230769231,1,1,0.961538461538462,1,"BA.5.2",0.454489164086687,0.0625386996904025
"C9534T",1621,734,637,52,57,91,26,24,0.998639455782313,0.9953125,1,1,1,1,1,"BA.5.2",0.452806909315238,0.0598396051819864
"C9857T",7,7,0,0,0,0,0,0,0.00952380952380952,0,0,0,0,0,0,"BA.5.2",1,1
"C9866T",732,0,624,52,56,0,0,0,0,0.975,1,0.982456140350877,0,0,0,"CJ.1",0.852459016393443,0.775956284153006
"C9996T",3,2,0,0,0,1,0,0,0.00272108843537415,0,0,0,0.010989010989011,0,0,"BA.5.2",0.666666666666667,0.333333333333333
"C999A",3,0,0,3,0,0,0,0,0,0,0.0576923076923077,0,0,0,0,"XBK",1,1
"D11286E",11,0,0,0,11,0,0,0,0,0,0,0.192982456140351,0,0,0,"CJ.1.1",1,1
"D11288I",1584,730,618,52,45,89,26,24,0.993197278911565,0.965625,1,0.789473684210526,0.978021978021978,1,1,"BA.5.2",0.460858585858586,0.0707070707070707
"D11293D",12,1,0,0,11,0,0,0,0.00136054421768707,0,0,0.192982456140351,0,0,0,"CJ.1.1",0.916666666666667,0.833333333333333
"D21633I",1585,733,607,49,56,90,26,24,0.997278911564626,0.9484375,0.942307692307692,0.982456140350877,0.989010989010989,1,1,"BA.5.2",0.462460567823344,0.0794952681388013
"D21634H",7,0,7,0,0,0,0,0,0,0.0109375,0,0,0,0,0,"CJ.1",1,1
"D21766E",6,6,0,0,0,0,0,0,0.00816326530612245,0,0,0,0,0,0,"BA.5.2",1,1
"D21766F",868,724,3,0,0,91,26,24,0.985034013605442,0.0046875,0,0,1,1,1,"BA.5.2",0.834101382488479,0.72926267281106
"D21772A",6,6,0,0,0,0,0,0,0.00816326530612245,0,0,0,0,0,0,"BA.5.2",1,1
"D21994C",23,17,1,0,0,2,0,3,0.0231292517006803,0.0015625,0,0,0.021978021978022,0,0.125,"BA.5.2",0.739130434782609,0.608695652173913
"D21994F",3,3,0,0,0,0,0,0,0.00408163265306122,0,0,0,0,0,0,"BA.5.2",1,1
"D22294C",3,3,0,0,0,0,0,0,0.00408163265306122,0,0,0,0,0,0,"BA.5.2",1,1
"D27573U",4,0,4,0,0,0,0,0,0,0.00625,0,0,0,0,0,"CJ.1",1,1
"D27574I",3,0,3,0,0,0,0,0,0,0.0046875,0,0,0,0,0,"CJ.1",1,1
"D27574K",52,0,52,0,0,0,0,0,0,0.08125,0,0,0,0,0,"CJ.1",1,1
"D27578B",35,0,35,0,0,0,0,0,0,0.0546875,0,0,0,0,0,"CJ.1",1,1
"D27795B",3,0,3,0,0,0,0,0,0,0.0046875,0,0,0,0,0,"CJ.1",1,1
"D27795I",3,1,2,0,0,0,0,0,0.00136054421768707,0.003125,0,0,0,0,0,"CJ.1",0.666666666666667,0.333333333333333
"D28057Z",8,0,0,0,8,0,0,0,0,0,0,0.140350877192982,0,0,0,"CJ.1.1",1,1
"D28065C",4,3,1,0,0,0,0,0,0.00408163265306122,0.0015625,0,0,0,0,0,"BA.5.2",0.75,0.5
"D28090F",5,1,2,0,0,2,0,0,0.00136054421768707,0.003125,0,0,0.021978021978022,0,0,"CJ.1",0.4,0
"D28254A",23,16,6,0,0,1,0,0,0.0217687074829932,0.009375,0,0,0.010989010989011,0,0,"BA.5.2",0.695652173913043,0.434782608695652
"D28363H",12,0,12,0,0,0,0,0,0,0.01875,0,0,0,0,0,"CJ.1",1,1
"D28363I",1595,734,615,52,54,90,26,24,0.998639455782313,0.9609375,1,0.947368421052632,0.989010989010989,1,1,"BA.5.2",0.460188087774295,0.0746081504702195
"D29733Y",4,1,3,0,0,0,0,0,0.00136054421768707,0.0046875,0,0,0,0,0,"CJ.1",0.75,0.5
"D29734N",15,0,12,0,2,1,0,0,0,0.01875,0,0.0350877192982456,0.010989010989011,0,0,"CJ.1",0.8,0.666666666666667
"D29734Z",1047,525,334,35,42,72,20,19,0.714285714285714,0.521875,0.673076923076923,0.736842105263158,0.791208791208791,0.769230769230769,0.791666666666667,"BA.5.2",0.501432664756447,0.182425978987584
"D29737Z",3,0,3,0,0,0,0,0,0,0.0046875,0,0,0,0,0,"CJ.1",1,1
"D29751E",15,0,12,0,2,1,0,0,0,0.01875,0,0.0350877192982456,0.010989010989011,0,0,"CJ.1",0.8,0.666666666666667
"D29759A",4,1,3,0,0,0,0,0,0.00136054421768707,0.0046875,0,0,0,0,0,"CJ.1",0.75,0.5
"D29767B",5,0,5,0,0,0,0,0,0,0.0078125,0,0,0,0,0,"CJ.1",1,1
"D29770B",5,0,4,0,1,0,0,0,0,0.00625,0,0.0175438596491228,0,0,0,"CJ.1",0.8,0.6
"D44A",9,1,8,0,0,0,0,0,0.00136054421768707,0.0125,0,0,0,0,0,"CJ.1",0.888888888888889,0.777777777777778
"D510I",11,5,3,1,1,0,1,0,0.00680272108843537,0.0046875,0.0192307692307692,0.0175438596491228,0,0.0384615384615385,0,"BA.5.2",0.454545454545455,0.181818181818182
"D510O",72,5,64,2,1,0,0,0,0.00680272108843537,0.1,0.0384615384615385,0.0175438596491228,0,0,0,"CJ.1",0.888888888888889,0.819444444444445
"D512I",6,6,0,0,0,0,0,0,0.00816326530612245,0,0,0,0,0,0,"BA.5.2",1,1
"D516I",3,0,2,0,0,1,0,0,0,0.003125,0,0,0.010989010989011,0,0,"CJ.1",0.666666666666667,0.333333333333333
"D517C",8,7,1,0,0,0,0,0,0.00952380952380952,0.0015625,0,0,0,0,0,"BA.5.2",0.875,0.75
"D518C",7,4,2,0,0,1,0,0,0.0054421768707483,0.003125,0,0,0.010989010989011,0,0,"BA.5.2",0.571428571428571,0.285714285714286
"D518F",32,3,29,0,0,0,0,0,0.00408163265306122,0.0453125,0,0,0,0,0,"CJ.1",0.90625,0.8125
"D522C",13,0,13,0,0,0,0,0,0,0.0203125,0,0,0,0,0,"CJ.1",1,1
"D686I",22,4,16,1,0,1,0,0,0.0054421768707483,0.025,0.0192307692307692,0,0.010989010989011,0,0,"CJ.1",0.727272727272727,0.545454545454546
"G10180T",3,3,0,0,0,0,0,0,0.00408163265306122,0,0,0,0,0,0,"BA.5.2",1,1
"G10447A",1623,734,640,52,57,90,26,24,0.998639455782313,1,1,1,0.989010989010989,1,1,"BA.5.2",0.452248921749846,0.0579174368453481
"G10642T",4,4,0,0,0,0,0,0,0.0054421768707483,0,0,0,0,0,0,"BA.5.2",1,1
"G10870T",3,3,0,0,0,0,0,0,0.00408163265306122,0,0,0,0,0,0,"BA.5.2",1,1
"G11083T",11,2,8,0,1,0,0,0,0.00272108843537415,0.0125,0,0.0175438596491228,0,0,0,"CJ.1",0.727272727272727,0.545454545454546
"G11150A",4,0,4,0,0,0,0,0,0,0.00625,0,0,0,0,0,"CJ.1",1,1
"G11291A",14,0,14,0,0,0,0,0,0,0.021875,0,0,0,0,0,"CJ.1",1,1
"G1149T",3,3,0,0,0,0,0,0,0.00408163265306122,0,0,0,0,0,0,"BA.5.2",1,1
"G12160A",886,734,11,0,0,91,26,24,0.998639455782313,0.0171875,0,0,1,1,1,"BA.5.2",0.828442437923251,0.725733634311512
"G12223A",4,0,4,0,0,0,0,0,0,0.00625,0,0,0,0,0,"CJ.1",1,1
"G12310A",811,671,0,0,0,90,26,24,0.912925170068027,0,0,0,0.989010989010989,1,1,"BA.5.2",0.827373612823674,0.716399506781751
"G12699A",5,0,5,0,0,0,0,0,0,0.0078125,0,0,0,0,0,"CJ.1",1,1
"G12761A",54,0,54,0,0,0,0,0,0,0.084375,0,0,0,0,0,"CJ.1",1,1
"G13459A",9,1,0,8,0,0,0,0,0.00136054421768707,0,0.153846153846154,0,0,0,0,"XBK",0.888888888888889,0.777777777777778
"G13812T",3,3,0,0,0,0,0,0,0.00408163265306122,0,0,0,0,0,0,"BA.5.2",1,1
"G14030A",4,0,4,0,0,0,0,0,0,0.00625,0,0,0,0,0,"CJ.1",1,1
"G14118A",4,4,0,0,0,0,0,0,0.0054421768707483,0,0,0,0,0,0,"BA.5.2",1,1
"G1463A",3,3,0,0,0,0,0,0,0.00408163265306122,0,0,0,0,0,0,"BA.5.2",1,1
"G14854A",4,0,4,0,0,0,0,0,0,0.00625,0,0,0,0,0,"CJ.1",1,1
"G15229A",4,0,0,4,0,0,0,0,0,0,0.0769230769230769,0,0,0,0,"XBK",1,1
"G15372C",9,9,0,0,0,0,0,0,0.0122448979591837,0,0,0,0,0,0,"BA.5.2",1,1
"G15451A",722,2,616,48,56,0,0,0,0.00272108843537415,0.9625,0.923076923076923,0.982456140350877,0,0,0,"CJ.1",0.853185595567867,0.775623268698061
"G15957T",3,1,0,0,0,0,2,0,0.00136054421768707,0,0,0,0,0.0769230769230769,0,"BA.5.2.21",0.666666666666667,0.333333333333333
"G16935A",6,0,6,0,0,0,0,0,0,0.009375,0,0,0,0,0,"CJ.1",1,1
"G17266T",3,3,0,0,0,0,0,0,0.00408163265306122,0,0,0,0,0,0,"BA.5.2",1,1
"G17562T",8,1,0,7,0,0,0,0,0.00136054421768707,0,0.134615384615385,0,0,0,0,"XBK",0.875,0.75
"G17944T",28,0,28,0,0,0,0,0,0,0.04375,0,0,0,0,0,"CJ.1",1,1
"G18079T",5,5,0,0,0,0,0,0,0.00680272108843537,0,0,0,0,0,0,"BA.5.2",1,1
"G1820A",10,5,5,0,0,0,0,0,0.00680272108843537,0.0078125,0,0,0,0,0,"BA.5.2",0.5,0
"G18583A",743,0,634,52,57,0,0,0,0,0.990625,1,1,0,0,0,"CJ.1",0.853297442799462,0.776581426648721
"G18811A",4,0,4,0,0,0,0,0,0,0.00625,0,0,0,0,0,"CJ.1",1,1
"G18938A",12,0,0,0,12,0,0,0,0,0,0,0.210526315789474,0,0,0,"CJ.1.1",1,1
"G20056A",11,0,11,0,0,0,0,0,0,0.0171875,0,0,0,0,0,"CJ.1",1,1
"G20134A",5,0,5,0,0,0,0,0,0,0.0078125,0,0,0,0,0,"CJ.1",1,1
"G2036T",3,3,0,0,0,0,0,0,0.00408163265306122,0,0,0,0,0,0,"BA.5.2",1,1
"G20670A",37,0,37,0,0,0,0,0,0,0.0578125,0,0,0,0,0,"CJ.1",1,1
"G2081T",4,0,0,0,4,0,0,0,0,0,0,0.0701754385964912,0,0,0,"CJ.1.1",1,1
"G2086A",4,4,0,0,0,0,0,0,0.0054421768707483,0,0,0,0,0,0,"BA.5.2",1,1
"G20931T",3,3,0,0,0,0,0,0,0.00408163265306122,0,0,0,0,0,0,"BA.5.2",1,1
"G2095A",4,4,0,0,0,0,0,0,0.0054421768707483,0,0,0,0,0,0,"BA.5.2",1,1
"G2155T",3,3,0,0,0,0,0,0,0.00408163265306122,0,0,0,0,0,0,"BA.5.2",1,1
"G21624C",8,2,6,0,0,0,0,0,0.00272108843537415,0.009375,0,0,0,0,0,"CJ.1",0.75,0.5
"G21974A",14,14,0,0,0,0,0,0,0.019047619047619,0,0,0,0,0,0,"BA.5.2",1,1
"G21987A",1475,732,509,38,55,91,26,24,0.995918367346939,0.7953125,0.730769230769231,0.964912280701754,1,1,1,"BA.5.2",0.496271186440678,0.151186440677966
"G22017A",53,0,53,0,0,0,0,0,0,0.0828125,0,0,0,0,0,"CJ.1",1,1
"G22021T",4,0,4,0,0,0,0,0,0,0.00625,0,0,0,0,0,"CJ.1",1,1
"G22104T",36,36,0,0,0,0,0,0,0.0489795918367347,0,0,0,0,0,0,"BA.5.2",1,1
"G22331A",739,0,633,49,57,0,0,0,0,0.9890625,0.942307692307692,1,0,0,0,"CJ.1",0.856562922868741,0.779431664411367
"G22577C",733,0,626,50,57,0,0,0,0,0.978125,0.961538461538462,1,0,0,0,"CJ.1",0.854024556616644,0.776261937244202
"G22578A",1609,733,627,51,57,91,26,24,0.997278911564626,0.9796875,0.980769230769231,1,1,1,1,"BA.5.2",0.455562461155998,0.0658794282162834
"G22599C",757,3,622,51,57,0,0,24,0.00408163265306122,0.971875,0.980769230769231,1,0,0,1,"CJ.1",0.821664464993395,0.746367239101717
"G22775A",1600,733,620,49,57,91,26,24,0.997278911564626,0.96875,0.942307692307692,1,1,1,1,"BA.5.2",0.458125,0.070625
"G22813T",1573,715,615,49,56,91,23,24,0.972789115646258,0.9609375,0.942307692307692,0.982456140350877,1,0.884615384615385,1,"BA.5.2",0.454545454545455,0.0635727908455181
"G2281A",3,0,3,0,0,0,0,0,0,0.0046875,0,0,0,0,0,"CJ.1",1,1
"G22898A",736,1,626,52,57,0,0,0,0.00136054421768707,0.978125,1,1,0,0,0,"CJ.1",0.85054347826087,0.773097826086957
"G22992A",1614,732,633,52,57,90,26,24,0.995918367346939,0.9890625,1,1,0.989010989010989,1,1,"BA.5.2",0.453531598513011,0.0613382899628253
"G23015A",3,0,3,0,0,0,0,0,0,0.0046875,0,0,0,0,0,"CJ.1",1,1
"G23518T",4,0,0,0,4,0,0,0,0,0,0,0.0701754385964912,0,0,0,"CJ.1.1",1,1
"G23948T",1624,735,639,52,57,91,26,24,1,0.9984375,1,1,1,1,1,"BA.5.2",0.452586206896552,0.0591133004926109
"G23954A",7,0,0,0,7,0,0,0,0,0,0,0.12280701754386,0,0,0,"CJ.1.1",1,1
"G24368C",22,0,22,0,0,0,0,0,0,0.034375,0,0,0,0,0,"CJ.1",1,1
"G2516T",3,0,0,3,0,0,0,0,0,0,0.0576923076923077,0,0,0,0,"XBK",1,1
"G25352T",11,10,1,0,0,0,0,0,0.0136054421768707,0.0015625,0,0,0,0,0,"BA.5.2",0.909090909090909,0.818181818181818
"G25445T",5,0,0,0,0,5,0,0,0,0,0,0,0.0549450549450549,0,0,"BA.5.2.9",1,1
"G25455T",7,7,0,0,0,0,0,0,0.00952380952380952,0,0,0,0,0,0,"BA.5.2",1,1
"G25459T",8,8,0,0,0,0,0,0,0.0108843537414966,0,0,0,0,0,0,"BA.5.2",1,1
"G25507A",5,5,0,0,0,0,0,0,0.00680272108843537,0,0,0,0,0,0,"BA.5.2",1,1
"G26006A",3,0,3,0,0,0,0,0,0,0.0046875,0,0,0,0,0,"CJ.1",1,1
"G261A",497,0,444,0,53,0,0,0,0,0.69375,0,0.929824561403509,0,0,0,"CJ.1",0.893360160965795,0.78672032193159
"G26529A",812,672,0,0,0,91,25,24,0.914285714285714,0,0,0,1,0.961538461538462,1,"BA.5.2",0.827586206896552,0.71551724137931
"G26709A",1612,725,639,52,56,91,25,24,0.986394557823129,0.9984375,1,0.982456140350877,1,0.961538461538462,1,"BA.5.2",0.449751861042184,0.0533498759305211
"G26951T",3,3,0,0,0,0,0,0,0.00408163265306122,0,0,0,0,0,0,"BA.5.2",1,1
"G27382C",744,0,637,50,57,0,0,0,0,0.9953125,0.961538461538462,1,0,0,0,"CJ.1",0.856182795698925,0.779569892473118
"G27506T",5,5,0,0,0,0,0,0,0.00680272108843537,0,0,0,0,0,0,"BA.5.2",1,1
"G27651A",3,3,0,0,0,0,0,0,0.00408163265306122,0,0,0,0,0,0,"BA.5.2",1,1
"G27896C",23,0,23,0,0,0,0,0,0,0.0359375,0,0,0,0,0,"CJ.1",1,1
"G28048T",3,2,1,0,0,0,0,0,0.00272108843537415,0.0015625,0,0,0,0,0,"BA.5.2",0.666666666666667,0.333333333333333
"G28079T",4,4,0,0,0,0,0,0,0.0054421768707483,0,0,0,0,0,0,"BA.5.2",1,1
"G28361T",6,6,0,0,0,0,0,0,0.00816326530612245,0,0,0,0,0,0,"BA.5.2",1,1
"G28362T",6,6,0,0,0,0,0,0,0.00816326530612245,0,0,0,0,0,0,"BA.5.2",1,1
"G28557A",3,0,1,2,0,0,0,0,0,0.0015625,0.0384615384615385,0,0,0,0,"XBK",0.666666666666667,0.333333333333333
"G28621A",4,0,3,0,0,0,1,0,0,0.0046875,0,0,0,0.0384615384615385,0,"CJ.1",0.75,0.5
"G28878C",3,3,0,0,0,0,0,0,0.00408163265306122,0,0,0,0,0,0,"BA.5.2",1,1
"G28881A",1619,734,636,52,57,90,26,24,0.998639455782313,0.99375,1,1,0.989010989010989,1,1,"BA.5.2",0.453366275478691,0.0605311920938851
"G28882A",1613,734,630,52,57,90,26,24,0.998639455782313,0.984375,1,1,0.989010989010989,1,1,"BA.5.2",0.45505269683819,0.0644761314321141
"G28883C",1616,734,633,52,57,90,26,24,0.998639455782313,0.9890625,1,1,0.989010989010989,1,1,"BA.5.2",0.454207920792079,0.0625
"G29431A",5,5,0,0,0,0,0,0,0.00680272108843537,0,0,0,0,0,0,"BA.5.2",1,1
"G29449T",5,5,0,0,0,0,0,0,0.00680272108843537,0,0,0,0,0,0,"BA.5.2",1,1
"G29706T",4,4,0,0,0,0,0,0,0.0054421768707483,0,0,0,0,0,0,"BA.5.2",1,1
"G29734T",10,1,8,1,0,0,0,0,0.00136054421768707,0.0125,0.0192307692307692,0,0,0,0,"CJ.1",0.8,0.7
"G29759C",9,0,9,0,0,0,0,0,0,0.0140625,0,0,0,0,0,"CJ.1",1,1
"G29764A",11,0,10,0,1,0,0,0,0,0.015625,0,0.0175438596491228,0,0,0,"CJ.1",0.909090909090909,0.818181818181818
"G29777T",4,0,4,0,0,0,0,0,0,0.00625,0,0,0,0,0,"CJ.1",1,1
"G29868A",23,19,0,0,0,4,0,0,0.0258503401360544,0,0,0,0.043956043956044,0,0,"BA.5.2",0.826086956521739,0.652173913043478
"G3164T",3,3,0,0,0,0,0,0,0.00408163265306122,0,0,0,0,0,0,"BA.5.2",1,1
"G3212A",18,0,18,0,0,0,0,0,0,0.028125,0,0,0,0,0,"CJ.1",1,1
"G336A",192,0,192,0,0,0,0,0,0,0.3,0,0,0,0,0,"CJ.1",1,1
"G3404A",16,0,16,0,0,0,0,0,0,0.025,0,0,0,0,0,"CJ.1",1,1
"G3582A",3,3,0,0,0,0,0,0,0.00408163265306122,0,0,0,0,0,0,"BA.5.2",1,1
"G3644A",5,0,5,0,0,0,0,0,0,0.0078125,0,0,0,0,0,"CJ.1",1,1
"G3880A",3,0,0,3,0,0,0,0,0,0,0.0576923076923077,0,0,0,0,"XBK",1,1
"G3929A",9,0,9,0,0,0,0,0,0,0.0140625,0,0,0,0,0,"CJ.1",1,1
"G4184A",1624,735,639,52,57,91,26,24,1,0.9984375,1,1,1,1,1,"BA.5.2",0.452586206896552,0.0591133004926109
"G4510T",5,5,0,0,0,0,0,0,0.00680272108843537,0,0,0,0,0,0,"BA.5.2",1,1
"G4960A",108,0,108,0,0,0,0,0,0,0.16875,0,0,0,0,0,"CJ.1",1,1
"G510A",3,0,3,0,0,0,0,0,0,0.0046875,0,0,0,0,0,"CJ.1",1,1
"G581T",4,0,4,0,0,0,0,0,0,0.00625,0,0,0,0,0,"CJ.1",1,1
"G5837A",3,3,0,0,0,0,0,0,0.00408163265306122,0,0,0,0,0,0,"BA.5.2",1,1
"G5857A",3,3,0,0,0,0,0,0,0.00408163265306122,0,0,0,0,0,0,"BA.5.2",1,1
"G621A",5,1,4,0,0,0,0,0,0.00136054421768707,0.00625,0,0,0,0,0,"CJ.1",0.8,0.6
"G6341A",4,0,4,0,0,0,0,0,0,0.00625,0,0,0,0,0,"CJ.1",1,1
"G6443A",4,4,0,0,0,0,0,0,0.0054421768707483,0,0,0,0,0,0,"BA.5.2",1,1
"G6894T",6,4,2,0,0,0,0,0,0.0054421768707483,0.003125,0,0,0,0,0,"BA.5.2",0.666666666666667,0.333333333333333
"G7393A",16,0,16,0,0,0,0,0,0,0.025,0,0,0,0,0,"CJ.1",1,1
"G7936A",5,0,5,0,0,0,0,0,0,0.0078125,0,0,0,0,0,"CJ.1",1,1
"G8017T",8,0,0,8,0,0,0,0,0,0,0.153846153846154,0,0,0,0,"XBK",1,1
"G8174A",3,3,0,0,0,0,0,0,0.00408163265306122,0,0,0,0,0,0,"BA.5.2",1,1
"G8179T",3,1,2,0,0,0,0,0,0.00136054421768707,0.003125,0,0,0,0,0,"CJ.1",0.666666666666667,0.333333333333333
"G8911T",5,0,5,0,0,0,0,0,0,0.0078125,0,0,0,0,0,"CJ.1",1,1
"I28250A",6,2,4,0,0,0,0,0,0.00272108843537415,0.00625,0,0,0,0,0,"CJ.1",0.666666666666667,0.333333333333333
"I29766A",5,0,4,0,1,0,0,0,0,0.00625,0,0.0175438596491228,0,0,0,"CJ.1",0.8,0.6
"I29773E",5,0,5,0,0,0,0,0,0,0.0078125,0,0,0,0,0,"CJ.1",1,1
"I29774A",5,0,4,0,1,0,0,0,0,0.00625,0,0.0175438596491228,0,0,0,"CJ.1",0.8,0.6
"I29780A",4,0,4,0,0,0,0,0,0,0.00625,0,0,0,0,0,"CJ.1",1,1
"I29903A",6,5,0,0,0,0,1,0,0.00680272108843537,0,0,0,0,0.0384615384615385,0,"BA.5.2",0.833333333333333,0.666666666666667
"T10561C",9,0,9,0,0,0,0,0,0,0.0140625,0,0,0,0,0,"CJ.1",1,1
"T10921C",8,0,8,0,0,0,0,0,0,0.0125,0,0,0,0,0,"CJ.1",1,1
"T11288A",12,0,12,0,0,0,0,0,0,0.01875,0,0,0,0,0,"CJ.1",1,1
"T11296G",14,0,14,0,0,0,0,0,0,0.021875,0,0,0,0,0,"CJ.1",1,1
"T11587C",11,0,11,0,0,0,0,0,0,0.0171875,0,0,0,0,0,"CJ.1",1,1
"T11618C",66,0,66,0,0,0,0,0,0,0.103125,0,0,0,0,0,"CJ.1",1,1
"T11857C",9,9,0,0,0,0,0,0,0.0122448979591837,0,0,0,0,0,0,"BA.5.2",1,1
"T1216C",7,7,0,0,0,0,0,0,0.00952380952380952,0,0,0,0,0,0,"BA.5.2",1,1
"T12574C",53,0,1,52,0,0,0,0,0,0.0015625,1,0,0,0,0,"XBK",0.981132075471698,0.962264150943396
"T14257C",6,0,6,0,0,0,0,0,0,0.009375,0,0,0,0,0,"CJ.1",1,1
"T14709C",3,3,0,0,0,0,0,0,0.00408163265306122,0,0,0,0,0,0,"BA.5.2",1,1
"T15521A",8,4,4,0,0,0,0,0,0.0054421768707483,0.00625,0,0,0,0,0,"CJ.1",0.5,1.11022302462516e-16
"T16023C",3,3,0,0,0,0,0,0,0.00408163265306122,0,0,0,0,0,0,"BA.5.2",1,1
"T16083C",3,3,0,0,0,0,0,0,0.00408163265306122,0,0,0,0,0,0,"BA.5.2",1,1
"T16449C",3,0,3,0,0,0,0,0,0,0.0046875,0,0,0,0,0,"CJ.1",1,1
"T16494C",9,9,0,0,0,0,0,0,0.0122448979591837,0,0,0,0,0,0,"BA.5.2",1,1
"T16605C",8,8,0,0,0,0,0,0,0.0108843537414966,0,0,0,0,0,0,"BA.5.2",1,1
"T17124A",3,0,3,0,0,0,0,0,0,0.0046875,0,0,0,0,0,"CJ.1",1,1
"T17895G",3,3,0,0,0,0,0,0,0.00408163265306122,0,0,0,0,0,0,"BA.5.2",1,1
"T17928C",8,6,2,0,0,0,0,0,0.00816326530612245,0.003125,0,0,0,0,0,"BA.5.2",0.75,0.5
"T18091C",3,0,3,0,0,0,0,0,0,0.0046875,0,0,0,0,0,"CJ.1",1,1
"T18429C",23,23,0,0,0,0,0,0,0.0312925170068027,0,0,0,0,0,0,"BA.5.2",1,1
"T19497C",3,0,3,0,0,0,0,0,0,0.0046875,0,0,0,0,0,"CJ.1",1,1
"T20430C",5,0,5,0,0,0,0,0,0,0.0078125,0,0,0,0,0,"CJ.1",1,1
"T21363C",4,1,0,3,0,0,0,0,0.00136054421768707,0,0.0576923076923077,0,0,0,0,"XBK",0.75,0.5
"T21633C",3,0,3,0,0,0,0,0,0,0.0046875,0,0,0,0,0,"CJ.1",1,1
"T22016C",710,0,608,46,56,0,0,0,0,0.95,0.884615384615385,0.982456140350877,0,0,0,"CJ.1",0.856338028169014,0.777464788732394
"T22092C",3,0,3,0,0,0,0,0,0,0.0046875,0,0,0,0,0,"CJ.1",1,1
"T221C",4,0,0,4,0,0,0,0,0,0,0.0769230769230769,0,0,0,0,"XBK",1,1
"T22200G",1569,735,591,47,55,91,26,24,1,0.9234375,0.903846153846154,0.964912280701754,1,1,1,"BA.5.2",0.468451242829828,0.0917782026768643
"T22282C",3,0,0,0,3,0,0,0,0,0,0,0.0526315789473684,0,0,0,"CJ.1.1",1,1
"T22679C",1604,733,623,51,57,90,26,24,0.997278911564626,0.9734375,0.980769230769231,1,0.989010989010989,1,1,"BA.5.2",0.456982543640898,0.0685785536159602
"T22882G",1578,703,628,52,57,90,24,24,0.956462585034014,0.98125,1,1,0.989010989010989,0.923076923076923,1,"BA.5.2",0.445500633713561,0.0475285171102661
"T22896C",64,7,0,0,57,0,0,0,0.00952380952380952,0,0,1,0,0,0,"CJ.1.1",0.890625,0.78125
"T22917G",854,715,0,0,0,91,24,24,0.972789115646258,0,0,0,1,0.923076923076923,1,"BA.5.2",0.837236533957845,0.730679156908665
"T22942G",735,0,626,52,57,0,0,0,0,0.978125,1,1,0,0,0,"CJ.1",0.851700680272109,0.774149659863946
"T23018C",738,0,629,52,57,0,0,0,0,0.9828125,1,1,0,0,0,"CJ.1",0.85230352303523,0.775067750677507
"T23018G",874,733,1,0,0,90,26,24,0.997278911564626,0.0015625,0,0,0.989010989010989,1,1,"BA.5.2",0.838672768878719,0.735697940503433
"T23019C",736,0,628,52,56,0,0,0,0,0.98125,1,0.982456140350877,0,0,0,"CJ.1",0.853260869565217,0.777173913043478
"T23031C",726,0,619,50,57,0,0,0,0,0.9671875,0.961538461538462,1,0,0,0,"CJ.1",0.852617079889807,0.774104683195592
"T23075C",1612,733,630,52,57,90,26,24,0.997278911564626,0.984375,1,1,0.989010989010989,1,1,"BA.5.2",0.454714640198511,0.0638957816377172
"T2321C",3,3,0,0,0,0,0,0,0.00408163265306122,0,0,0,0,0,0,"BA.5.2",1,1
"T232C",127,0,127,0,0,0,0,0,0,0.1984375,0,0,0,0,0,"CJ.1",1,1
"T23487G",3,0,3,0,0,0,0,0,0,0.0046875,0,0,0,0,0,"CJ.1",1,1
"T23599G",1621,734,638,52,57,90,26,24,0.998639455782313,0.996875,1,1,0.989010989010989,1,1,"BA.5.2",0.452806909315238,0.0592227020357804
"T24063G",8,0,8,0,0,0,0,0,0,0.0125,0,0,0,0,0,"CJ.1",1,1
"T2432C",3,0,3,0,0,0,0,0,0,0.0046875,0,0,0,0,0,"CJ.1",1,1
"T24460C",4,4,0,0,0,0,0,0,0.0054421768707483,0,0,0,0,0,0,"BA.5.2",1,1
"T24469A",1625,735,640,52,57,91,26,24,1,1,1,1,1,1,1,"BA.5.2",0.452307692307692,0.0584615384615385
"T24910C",3,0,3,0,0,0,0,0,0,0.0046875,0,0,0,0,0,"CJ.1",1,1
"T25036C",12,3,0,0,9,0,0,0,0.00408163265306122,0,0,0.157894736842105,0,0,0,"CJ.1.1",0.75,0.5
"T25356C",5,0,5,0,0,0,0,0,0,0.0078125,0,0,0,0,0,"CJ.1",1,1
"T25496C",3,1,2,0,0,0,0,0,0.00136054421768707,0.003125,0,0,0,0,0,"CJ.1",0.666666666666667,0.333333333333333
"T25570C",3,0,3,0,0,0,0,0,0,0.0046875,0,0,0,0,0,"CJ.1",1,1
"T25773A",3,0,3,0,0,0,0,0,0,0.0046875,0,0,0,0,0,"CJ.1",1,1
"T25A",4,3,1,0,0,0,0,0,0.00408163265306122,0.0015625,0,0,0,0,0,"BA.5.2",0.75,0.5
"T26103A",3,3,0,0,0,0,0,0,0.00408163265306122,0,0,0,0,0,0,"BA.5.2",1,1
"T26149C",6,0,0,6,0,0,0,0,0,0,0.115384615384615,0,0,0,0,"XBK",1,1
"T27053C",23,23,0,0,0,0,0,0,0.0312925170068027,0,0,0,0,0,0,"BA.5.2",1,1
"T27288C",23,0,1,22,0,0,0,0,0,0.0015625,0.423076923076923,0,0,0,0,"XBK",0.956521739130435,0.91304347826087
"T27384C",752,10,634,50,57,1,0,0,0.0136054421768707,0.990625,0.961538461538462,1,0.010989010989011,0,0,"CJ.1",0.843085106382979,0.767287234042553
"T27438C",3,1,2,0,0,0,0,0,0.00136054421768707,0.003125,0,0,0,0,0,"CJ.1",0.666666666666667,0.333333333333333
"T27580C",4,4,0,0,0,0,0,0,0.0054421768707483,0,0,0,0,0,0,"BA.5.2",1,1
"T27634C",8,8,0,0,0,0,0,0,0.0108843537414966,0,0,0,0,0,0,"BA.5.2",1,1
"T27682C",5,5,0,0,0,0,0,0,0.00680272108843537,0,0,0,0,0,0,"BA.5.2",1,1
"T27722C",3,0,0,3,0,0,0,0,0,0,0.0576923076923077,0,0,0,0,"XBK",1,1
"T27794A",3,1,2,0,0,0,0,0,0.00136054421768707,0.003125,0,0,0,0,0,"CJ.1",0.666666666666667,0.333333333333333
"T28705C",8,1,0,7,0,0,0,0,0.00136054421768707,0,0.134615384615385,0,0,0,0,"XBK",0.875,0.75
"T28891C",3,3,0,0,0,0,0,0,0.00408163265306122,0,0,0,0,0,0,"BA.5.2",1,1
"T2943A",3,0,0,0,0,3,0,0,0,0,0,0,0.032967032967033,0,0,"BA.5.2.9",1,1
"T29536C",5,5,0,0,0,0,0,0,0.00680272108843537,0,0,0,0,0,0,"BA.5.2",1,1
"T2954C",14,1,13,0,0,0,0,0,0.00136054421768707,0.0203125,0,0,0,0,0,"CJ.1",0.928571428571429,0.857142857142857
"T29760A",15,0,12,0,2,1,0,0,0,0.01875,0,0.0350877192982456,0.010989010989011,0,0,"CJ.1",0.8,0.666666666666667
"T29772G",5,0,5,0,0,0,0,0,0,0.0078125,0,0,0,0,0,"CJ.1",1,1
"T29855C",3,3,0,0,0,0,0,0,0.00408163265306122,0,0,0,0,0,0,"BA.5.2",1,1
"T29867A",5,5,0,0,0,0,0,0,0.00680272108843537,0,0,0,0,0,0,"BA.5.2",1,1
"T3088A",3,3,0,0,0,0,0,0,0.00408163265306122,0,0,0,0,0,0,"BA.5.2",1,1
"T3466C",3,3,0,0,0,0,0,0,0.00408163265306122,0,0,0,0,0,0,"BA.5.2",1,1
"T3478C",4,0,4,0,0,0,0,0,0,0.00625,0,0,0,0,0,"CJ.1",1,1
"T3571G",7,7,0,0,0,0,0,0,0.00952380952380952,0,0,0,0,0,0,"BA.5.2",1,1
"T3797C",5,0,5,0,0,0,0,0,0,0.0078125,0,0,0,0,0,"CJ.1",1,1
"T3930A",10,0,10,0,0,0,0,0,0,0.015625,0,0,0,0,0,"CJ.1",1,1
"T4054G",4,0,0,0,0,0,0,4,0,0,0,0,0,0,0.166666666666667,"BA.5.2.6",1,1
"T4174C",3,3,0,0,0,0,0,0,0.00408163265306122,0,0,0,0,0,0,"BA.5.2",1,1
"T4213A",3,0,3,0,0,0,0,0,0,0.0046875,0,0,0,0,0,"CJ.1",1,1
"T4630C",3,3,0,0,0,0,0,0,0.00408163265306122,0,0,0,0,0,0,"BA.5.2",1,1
"T4779C",29,0,29,0,0,0,0,0,0,0.0453125,0,0,0,0,0,"CJ.1",1,1
"T4915C",6,0,6,0,0,0,0,0,0,0.009375,0,0,0,0,0,"CJ.1",1,1
"T5137C",3,3,0,0,0,0,0,0,0.00408163265306122,0,0,0,0,0,0,"BA.5.2",1,1
"T522A",3,0,3,0,0,0,0,0,0,0.0046875,0,0,0,0,0,"CJ.1",1,1
"T5251C",5,0,5,0,0,0,0,0,0,0.0078125,0,0,0,0,0,"CJ.1",1,1
"T5389C",4,0,4,0,0,0,0,0,0,0.00625,0,0,0,0,0,"CJ.1",1,1
"T6136C",4,0,0,4,0,0,0,0,0,0,0.0769230769230769,0,0,0,0,"XBK",1,1
"T670G",1617,732,636,52,56,91,26,24,0.995918367346939,0.99375,1,0.982456140350877,1,1,1,"BA.5.2",0.452690166975881,0.0593692022263451
"T7034C",4,4,0,0,0,0,0,0,0.0054421768707483,0,0,0,0,0,0,"BA.5.2",1,1
"T7284C",3,3,0,0,0,0,0,0,0.00408163265306122,0,0,0,0,0,0,"BA.5.2",1,1
"T851C",4,0,4,0,0,0,0,0,0,0.00625,0,0,0,0,0,"CJ.1",1,1
"T8656C",3,2,0,0,0,0,1,0,0.00272108843537415,0,0,0,0,0.0384615384615385,0,"BA.5.2",0.666666666666667,0.333333333333333
"T9678G",25,0,25,0,0,0,0,0,0,0.0390625,0,0,0,0,0,"CJ.1",1,1
