"Mutation","Freq","BA.2","BA.1.1","BA.1","P.BA.2","P.BA.1.1","P.BA.1","Lineage","Lineage.P"
"A10323G",7,5,1,1,0.00592417061611374,0.0217391304347826,0.027027027027027,"BA.2",0.714285714285714
"A10399G",3,3,0,0,0.00355450236966825,0,0,"BA.2",1
"A11537G",82,0,45,37,0,0.978260869565217,1,"BA.1.1",0.548780487804878
"A15483G",13,13,0,0,0.0154028436018957,0,0,"BA.2",1
"A1585C",3,3,0,0,0.00355450236966825,0,0,"BA.2",1
"A16064G",5,0,5,0,0,0.108695652173913,0,"BA.1.1",1
"A18163G",927,844,46,37,1,1,1,"BA.2",0.910463861920173
"A20055G",835,835,0,0,0.989336492890995,0,0,"BA.2",1
"A21084G",6,6,0,0,0.00710900473933649,0,0,"BA.2",1
"A21617C",5,5,0,0,0.00592417061611374,0,0,"BA.2",1
"A21845G",8,8,0,0,0.00947867298578199,0,0,"BA.2",1
"A22091G",5,4,1,0,0.004739336492891,0.0217391304347826,0,"BA.2",0.8
"A22629G",27,27,0,0,0.0319905213270142,0,0,"BA.2",1
"A22688G",703,703,0,0,0.832938388625592,0,0,"BA.2",1
"A22786C",838,838,0,0,0.992890995260663,0,0,"BA.2",1
"A23013C",927,844,46,37,1,1,1,"BA.2",0.910463861920173
"A23040G",927,844,46,37,1,1,1,"BA.2",0.910463861920173
"A23055G",927,844,46,37,1,1,1,"BA.2",0.910463861920173
"A23063T",927,844,46,37,1,1,1,"BA.2",0.910463861920173
"A23403G",927,844,46,37,1,1,1,"BA.2",0.910463861920173
"A24424T",927,844,46,37,1,1,1,"BA.2",0.910463861920173
"A24433G",9,9,0,0,0.0106635071090047,0,0,"BA.2",1
"A26530G",78,0,41,37,0,0.891304347826087,1,"BA.1.1",0.525641025641026
"A26924G",14,14,0,0,0.0165876777251185,0,0,"BA.2",1
"A27259C",917,836,45,36,0.990521327014218,0.978260869565217,0.972972972972973,"BA.2",0.911668484187568
"A27383T",838,837,1,0,0.991706161137441,0.0217391304347826,0,"BA.2",0.998806682577566
"A28271T",925,842,46,37,0.997630331753555,1,1,"BA.2",0.91027027027027
"A2832G",83,0,46,37,0,1,1,"BA.1.1",0.55421686746988
"A28359C",4,0,4,0,0,0.0869565217391304,0,"BA.1.1",1
"A28877T",10,6,4,0,0.00710900473933649,0.0869565217391304,0,"BA.2",0.6
"A29190T",7,0,0,7,0,0,0.189189189189189,"BA.1",1
"A29510C",843,843,0,0,0.998815165876777,0,0,"BA.2",1
"A29571G",6,6,0,0,0.00710900473933649,0,0,"BA.2",1
"A29799G",3,3,0,0,0.00355450236966825,0,0,"BA.2",1
"A3735G",3,3,0,0,0.00355450236966825,0,0,"BA.2",1
"A6616G",3,3,0,0,0.00355450236966825,0,0,"BA.2",1
"A7786G",4,4,0,0,0.004739336492891,0,0,"BA.2",1
"A9424G",844,844,0,0,1,0,0,"BA.2",1
"A9713G",3,3,0,0,0.00355450236966825,0,0,"BA.2",1
"C10029T",927,844,46,37,1,1,1,"BA.2",0.910463861920173
"C10078T",3,3,0,0,0.00355450236966825,0,0,"BA.2",1
"C10198T",844,844,0,0,1,0,0,"BA.2",1
"C10332T",3,3,0,0,0.00355450236966825,0,0,"BA.2",1
"C10341T",4,4,0,0,0.004739336492891,0,0,"BA.2",1
"C10449A",927,844,46,37,1,1,1,"BA.2",0.910463861920173
"C10507T",5,5,0,0,0.00592417061611374,0,0,"BA.2",1
"C10702T",3,2,0,1,0.0023696682464455,0,0.027027027027027,"BA.2",0.666666666666667
"C11020T",3,3,0,0,0.00355450236966825,0,0,"BA.2",1
"C1102T",4,0,4,0,0,0.0869565217391304,0,"BA.1.1",1
"C11308T",27,27,0,0,0.0319905213270142,0,0,"BA.2",1
"C11325T",4,4,0,0,0.004739336492891,0,0,"BA.2",1
"C11758T",4,0,4,0,0,0.0869565217391304,0,"BA.1.1",1
"C12008T",5,5,0,0,0.00592417061611374,0,0,"BA.2",1
"C12076T",23,23,0,0,0.0272511848341232,0,0,"BA.2",1
"C12439T",4,4,0,0,0.004739336492891,0,0,"BA.2",1
"C12781T",17,17,0,0,0.0201421800947867,0,0,"BA.2",1
"C12880T",844,844,0,0,1,0,0,"BA.2",1
"C13506T",4,4,0,0,0.004739336492891,0,0,"BA.2",1
"C13743T",7,7,0,0,0.00829383886255924,0,0,"BA.2",1
"C13860T",21,21,0,0,0.0248815165876777,0,0,"BA.2",1
"C14117T",4,0,4,0,0,0.0869565217391304,0,"BA.1.1",1
"C14216T",3,3,0,0,0.00355450236966825,0,0,"BA.2",1
"C14340T",3,3,0,0,0.00355450236966825,0,0,"BA.2",1
"C14408T",927,844,46,37,1,1,1,"BA.2",0.910463861920173
"C1457T",4,4,0,0,0.004739336492891,0,0,"BA.2",1
"C1471T",3,3,0,0,0.00355450236966825,0,0,"BA.2",1
"C14724T",7,7,0,0,0.00829383886255924,0,0,"BA.2",1
"C1498T",20,20,0,0,0.023696682464455,0,0,"BA.2",1
"C15048T",17,17,0,0,0.0201421800947867,0,0,"BA.2",1
"C15240T",88,5,46,37,0.00592417061611374,1,1,"BA.1.1",0.522727272727273
"C15656T",3,3,0,0,0.00355450236966825,0,0,"BA.2",1
"C15714T",844,844,0,0,1,0,0,"BA.2",1
"C1593T",3,3,0,0,0.00355450236966825,0,0,"BA.2",1
"C15952T",5,4,0,1,0.004739336492891,0,0.027027027027027,"BA.2",0.8
"C15981T",3,3,0,0,0.00355450236966825,0,0,"BA.2",1
"C1642T",3,3,0,0,0.00355450236966825,0,0,"BA.2",1
"C16887T",17,15,2,0,0.0177725118483412,0.0434782608695652,0,"BA.2",0.882352941176471
"C1722T",3,3,0,0,0.00355450236966825,0,0,"BA.2",1
"C17410T",844,844,0,0,1,0,0,"BA.2",1
"C17733T",3,3,0,0,0.00355450236966825,0,0,"BA.2",1
"C17766T",5,5,0,0,0.00592417061611374,0,0,"BA.2",1
"C17977T",3,3,0,0,0.00355450236966825,0,0,"BA.2",1
"C18162T",6,6,0,0,0.00710900473933649,0,0,"BA.2",1
"C18508T",3,3,0,0,0.00355450236966825,0,0,"BA.2",1
"C18705T",3,3,0,0,0.00355450236966825,0,0,"BA.2",1
"C19017T",3,3,0,0,0.00355450236966825,0,0,"BA.2",1
"C19688T",4,4,0,0,0.004739336492891,0,0,"BA.2",1
"C19955T",835,835,0,0,0.989336492890995,0,0,"BA.2",1
"C19983T",3,3,0,0,0.00355450236966825,0,0,"BA.2",1
"C2040T",3,3,0,0,0.00355450236966825,0,0,"BA.2",1
"C20436T",3,3,0,0,0.00355450236966825,0,0,"BA.2",1
"C20480T",4,4,0,0,0.004739336492891,0,0,"BA.2",1
"C2062T",3,3,0,0,0.00355450236966825,0,0,"BA.2",1
"C2094T",3,3,0,0,0.00355450236966825,0,0,"BA.2",1
"C21575T",23,21,2,0,0.0248815165876777,0.0434782608695652,0,"BA.2",0.91304347826087
"C21595T",9,0,9,0,0,0.195652173913043,0,"BA.1.1",1
"C21618T",844,844,0,0,1,0,0,"BA.2",1
"C21622T",4,4,0,0,0.004739336492891,0,0,"BA.2",1
"C21762T",83,0,46,37,0,1,1,"BA.1.1",0.55421686746988
"C21846T",83,0,46,37,0,1,1,"BA.1.1",0.55421686746988
"C2189T",4,0,4,0,0,0.0869565217391304,0,"BA.1.1",1
"C21928T",4,4,0,0,0.004739336492891,0,0,"BA.2",1
"C22388T",3,3,0,0,0.00355450236966825,0,0,"BA.2",1
"C22522T",3,3,0,0,0.00355450236966825,0,0,"BA.2",1
"C22570T",3,3,0,0,0.00355450236966825,0,0,"BA.2",1
"C22624T",5,4,1,0,0.004739336492891,0.0217391304347826,0,"BA.2",0.8
"C22674T",776,693,46,37,0.821090047393365,1,1,"BA.2",0.893041237113402
"C22686T",786,703,46,37,0.832938388625592,1,1,"BA.2",0.89440203562341
"C22792T",646,646,0,0,0.765402843601896,0,0,"BA.2",1
"C22858T",5,5,0,0,0.00592417061611374,0,0,"BA.2",1
"C22995A",927,844,46,37,1,1,1,"BA.2",0.910463861920173
"C23185T",9,9,0,0,0.0106635071090047,0,0,"BA.2",1
"C23202A",84,1,46,37,0.00118483412322275,1,1,"BA.1.1",0.547619047619048
"C23525T",927,844,46,37,1,1,1,"BA.2",0.910463861920173
"C23604A",927,844,46,37,1,1,1,"BA.2",0.910463861920173
"C23664T",5,1,0,4,0.00118483412322275,0,0.108108108108108,"BA.1",0.8
"C23854A",926,844,45,37,1,0.978260869565217,1,"BA.2",0.911447084233261
"C23896T",4,4,0,0,0.004739336492891,0,0,"BA.2",1
"C24130A",83,0,46,37,0,1,1,"BA.1.1",0.55421686746988
"C241T",926,843,46,37,0.998815165876777,1,1,"BA.2",0.91036717062635
"C24378T",9,9,0,0,0.0106635071090047,0,0,"BA.2",1
"C24503T",83,0,46,37,0,1,1,"BA.1.1",0.55421686746988
"C24621T",5,5,0,0,0.00592417061611374,0,0,"BA.2",1
"C2470T",31,0,31,0,0,0.673913043478261,0,"BA.1.1",1
"C25000T",927,844,46,37,1,1,1,"BA.2",0.910463861920173
"C25046T",4,4,0,0,0.004739336492891,0,0,"BA.2",1
"C25096T",8,8,0,0,0.00947867298578199,0,0,"BA.2",1
"C25349A",5,5,0,0,0.00592417061611374,0,0,"BA.2",1
"C25416T",15,15,0,0,0.0177725118483412,0,0,"BA.2",1
"C25584T",927,844,46,37,1,1,1,"BA.2",0.910463861920173
"C25624T",134,134,0,0,0.158767772511848,0,0,"BA.2",1
"C25810T",7,7,0,0,0.00829383886255924,0,0,"BA.2",1
"C26060T",843,843,0,0,0.998815165876777,0,0,"BA.2",1
"C26270T",927,844,46,37,1,1,1,"BA.2",0.910463861920173
"C2644T",9,9,0,0,0.0106635071090047,0,0,"BA.2",1
"C26577G",907,829,41,37,0.982227488151659,0.891304347826087,1,"BA.2",0.914002205071665
"C26600T",4,4,0,0,0.004739336492891,0,0,"BA.2",1
"C26681T",9,9,0,0,0.0106635071090047,0,0,"BA.2",1
"C26753T",6,6,0,0,0.00710900473933649,0,0,"BA.2",1
"C26858T",844,844,0,0,1,0,0,"BA.2",1
"C26873T",3,3,0,0,0.00355450236966825,0,0,"BA.2",1
"C27549T",4,4,0,0,0.004739336492891,0,0,"BA.2",1
"C27807T",925,842,46,37,0.997630331753555,1,1,"BA.2",0.91027027027027
"C2790T",841,841,0,0,0.996445497630332,0,0,"BA.2",1
"C27944T",3,2,1,0,0.0023696682464455,0.0217391304347826,0,"BA.2",0.666666666666667
"C27945T",13,12,1,0,0.014218009478673,0.0217391304347826,0,"BA.2",0.923076923076923
"C27960T",3,3,0,0,0.00355450236966825,0,0,"BA.2",1
"C27972A",3,3,0,0,0.00355450236966825,0,0,"BA.2",1
"C28253T",3,3,0,0,0.00355450236966825,0,0,"BA.2",1
"C28311T",925,842,46,37,0.997630331753555,1,1,"BA.2",0.91027027027027
"C28435T",13,13,0,0,0.0154028436018957,0,0,"BA.2",1
"C28677T",4,3,1,0,0.00355450236966825,0.0217391304347826,0,"BA.2",0.75
"C2902T",4,3,0,1,0.00355450236966825,0,0.027027027027027,"BA.2",0.75
"C29095T",3,3,0,0,0.00355450236966825,0,0,"BA.2",1
"C29149T",3,0,3,0,0,0.0652173913043478,0,"BA.1.1",1
"C29253T",3,3,0,0,0.00355450236966825,0,0,"BA.2",1
"C29296T",49,49,0,0,0.0580568720379147,0,0,"BA.2",1
"C29358T",4,4,0,0,0.004739336492891,0,0,"BA.2",1
"C29555T",4,1,3,0,0.00118483412322275,0.0652173913043478,0,"BA.1.1",0.75
"C29632T",5,0,0,5,0,0,0.135135135135135,"BA.1",1
"C3037T",927,844,46,37,1,1,1,"BA.2",0.910463861920173
"C3096T",3,2,1,0,0.0023696682464455,0.0217391304347826,0,"BA.2",0.666666666666667
"C3241T",3,1,0,2,0.00118483412322275,0,0.0540540540540541,"BA.1",0.666666666666667
"C3743T",4,4,0,0,0.004739336492891,0,0,"BA.2",1
"C3987T",13,13,0,0,0.0154028436018957,0,0,"BA.2",1
"C4320T",3,3,0,0,0.00355450236966825,0,0,"BA.2",1
"C4321T",844,844,0,0,1,0,0,"BA.2",1
"C44T",546,546,0,0,0.646919431279621,0,0,"BA.2",1
"C4893T",8,8,0,0,0.00947867298578199,0,0,"BA.2",1
"C4897T",6,6,0,0,0.00710900473933649,0,0,"BA.2",1
"C4927T",5,5,0,0,0.00592417061611374,0,0,"BA.2",1
"C560T",4,4,0,0,0.004739336492891,0,0,"BA.2",1
"C5622T",4,4,0,0,0.004739336492891,0,0,"BA.2",1
"C5730T",4,2,0,2,0.0023696682464455,0,0.0540540540540541,"BA.2",0.5
"C5884T",6,4,2,0,0.004739336492891,0.0434782608695652,0,"BA.2",0.666666666666667
"C590T",3,3,0,0,0.00355450236966825,0,0,"BA.2",1
"C593T",4,4,0,0,0.004739336492891,0,0,"BA.2",1
"C6196T",10,10,0,0,0.0118483412322275,0,0,"BA.2",1
"C6286T",3,3,0,0,0.00355450236966825,0,0,"BA.2",1
"C6312T",3,3,0,0,0.00355450236966825,0,0,"BA.2",1
"C635T",7,7,0,0,0.00829383886255924,0,0,"BA.2",1
"C6449T",3,3,0,0,0.00355450236966825,0,0,"BA.2",1
"C657T",3,3,0,0,0.00355450236966825,0,0,"BA.2",1
"C6628T",3,3,0,0,0.00355450236966825,0,0,"BA.2",1
"C66T",3,3,0,0,0.00355450236966825,0,0,"BA.2",1
"C6840T",8,8,0,0,0.00947867298578199,0,0,"BA.2",1
"C6843T",27,27,0,0,0.0319905213270142,0,0,"BA.2",1
"C7318T",3,3,0,0,0.00355450236966825,0,0,"BA.2",1
"C7564T",4,3,1,0,0.00355450236966825,0.0217391304347826,0,"BA.2",0.75
"C7860T",3,3,0,0,0.00355450236966825,0,0,"BA.2",1
"C7869T",3,3,0,0,0.00355450236966825,0,0,"BA.2",1
"C7926T",3,3,0,0,0.00355450236966825,0,0,"BA.2",1
"C832T",3,3,0,0,0.00355450236966825,0,0,"BA.2",1
"C8619T",4,4,0,0,0.004739336492891,0,0,"BA.2",1
"C8802T",8,8,0,0,0.00947867298578199,0,0,"BA.2",1
"C8880T",3,3,0,0,0.00355450236966825,0,0,"BA.2",1
"C8991T",7,7,0,0,0.00829383886255924,0,0,"BA.2",1
"C9344T",843,843,0,0,0.998815165876777,0,0,"BA.2",1
"C9430T",3,3,0,0,0.00355450236966825,0,0,"BA.2",1
"C9521T",3,3,0,0,0.00355450236966825,0,0,"BA.2",1
"C9534T",843,843,0,0,0.998815165876777,0,0,"BA.2",1
"C9866T",843,843,0,0,0.998815165876777,0,0,"BA.2",1
"C9967T",3,2,1,0,0.0023696682464455,0.0217391304347826,0,"BA.2",0.666666666666667
"D11287I",82,0,45,37,0,0.978260869565217,1,"BA.1.1",0.548780487804878
"D11288I",845,844,1,0,1,0.0217391304347826,0,"BA.2",0.998816568047337
"D21633I",844,844,0,0,1,0,0,"BA.2",1
"D21766F",82,0,46,36,0,1,0.972972972972973,"BA.1.1",0.560975609756098
"D21987I",82,0,46,36,0,1,0.972972972972973,"BA.1.1",0.560975609756098
"D22194C",80,0,43,37,0,0.934782608695652,1,"BA.1.1",0.5375
"D27571I",3,3,0,0,0.00355450236966825,0,0,"BA.2",1
"D28254A",9,7,0,2,0.00829383886255924,0,0.0540540540540541,"BA.2",0.777777777777778
"D28363I",927,844,46,37,1,1,1,"BA.2",0.910463861920173
"D29734Z",163,163,0,0,0.193127962085308,0,0,"BA.2",1
"D510I",28,22,1,5,0.0260663507109005,0.0217391304347826,0.135135135135135,"BA.2",0.785714285714286
"D510O",19,18,1,0,0.0213270142180095,0.0217391304347826,0,"BA.2",0.947368421052632
"D517C",4,3,1,0,0.00355450236966825,0.0217391304347826,0,"BA.2",0.75
"D518C",15,13,1,1,0.0154028436018957,0.0217391304347826,0.027027027027027,"BA.2",0.866666666666667
"D518F",7,7,0,0,0.00829383886255924,0,0,"BA.2",1
"D522C",4,4,0,0,0.004739336492891,0,0,"BA.2",1
"D6513C",79,0,43,36,0,0.934782608695652,0.972972972972973,"BA.1.1",0.544303797468355
"D686I",8,7,0,1,0.00829383886255924,0,0.027027027027027,"BA.2",0.875
"G10447A",844,843,1,0,0.998815165876777,0.0217391304347826,0,"BA.2",0.998815165876777
"G11083T",9,7,0,2,0.00829383886255924,0,0.0540540540540541,"BA.2",0.777777777777778
"G13570A",4,0,4,0,0,0.0869565217391304,0,"BA.1.1",1
"G14268T",3,3,0,0,0.00355450236966825,0,0,"BA.2",1
"G15452T",4,4,0,0,0.004739336492891,0,0,"BA.2",1
"G165T",3,3,0,0,0.00355450236966825,0,0,"BA.2",1
"G16744A",4,0,4,0,0,0.0869565217391304,0,"BA.1.1",1
"G18079T",3,3,0,0,0.00355450236966825,0,0,"BA.2",1
"G21987A",844,844,0,0,1,0,0,"BA.2",1
"G22578A",807,724,46,37,0.85781990521327,1,1,"BA.2",0.897149938042131
"G22599A",46,0,46,0,0,1,0,"BA.1.1",1
"G22775A",701,701,0,0,0.830568720379147,0,0,"BA.2",1
"G22813T",911,830,46,35,0.983412322274882,1,0.945945945945946,"BA.2",0.911086717892426
"G22898A",82,0,46,36,0,1,0.972972972972973,"BA.1.1",0.560975609756098
"G22992A",927,844,46,37,1,1,1,"BA.2",0.910463861920173
"G23048A",83,0,46,37,0,1,1,"BA.1.1",0.55421686746988
"G23948T",927,844,46,37,1,1,1,"BA.2",0.910463861920173
"G25440C",3,3,0,0,0.00355450236966825,0,0,"BA.2",1
"G25593T",9,9,0,0,0.0106635071090047,0,0,"BA.2",1
"G25793A",3,3,0,0,0.00355450236966825,0,0,"BA.2",1
"G26709A",927,844,46,37,1,1,1,"BA.2",0.910463861920173
"G26754A",3,3,0,0,0.00355450236966825,0,0,"BA.2",1
"G27382C",838,837,1,0,0.991706161137441,0.0217391304347826,0,"BA.2",0.998806682577566
"G27430A",10,10,0,0,0.0118483412322275,0,0,"BA.2",1
"G27467C",5,5,0,0,0.00592417061611374,0,0,"BA.2",1
"G27762T",20,0,0,20,0,0,0.540540540540541,"BA.1",1
"G28690T",13,0,0,13,0,0,0.351351351351351,"BA.1",1
"G28878C",10,6,4,0,0.00710900473933649,0.0869565217391304,0,"BA.2",0.6
"G28881A",927,844,46,37,1,1,1,"BA.2",0.910463861920173
"G28882A",927,844,46,37,1,1,1,"BA.2",0.910463861920173
"G28883C",927,844,46,37,1,1,1,"BA.2",0.910463861920173
"G29000A",18,18,0,0,0.0213270142180095,0,0,"BA.2",1
"G29543T",13,12,1,0,0.014218009478673,0.0217391304347826,0,"BA.2",0.923076923076923
"G29755C",4,0,4,0,0,0.0869565217391304,0,"BA.1.1",1
"G3549A",3,3,0,0,0.00355450236966825,0,0,"BA.2",1
"G4184A",844,844,0,0,1,0,0,"BA.2",1
"G5504A",8,8,0,0,0.00947867298578199,0,0,"BA.2",1
"G5924A",6,0,0,6,0,0,0.162162162162162,"BA.1",1
"G5972T",3,3,0,0,0.00355450236966825,0,0,"BA.2",1
"G8393A",83,0,46,37,0,1,1,"BA.1.1",0.55421686746988
"I22206I",79,0,43,36,0,0.934782608695652,0.972972972972973,"BA.1.1",0.544303797468355
"I28250C",5,5,0,0,0.00592417061611374,0,0,"BA.2",1
"T13195C",83,0,46,37,0,1,1,"BA.1.1",0.55421686746988
"T13210C",3,3,0,0,0.00355450236966825,0,0,"BA.2",1
"T15437C",6,6,0,0,0.00710900473933649,0,0,"BA.2",1
"T16342C",14,14,0,0,0.0165876777251185,0,0,"BA.2",1
"T20605C",3,3,0,0,0.00355450236966825,0,0,"BA.2",1
"T22200G",837,837,0,0,0.991706161137441,0,0,"BA.2",1
"T22673C",83,1,46,36,0.00118483412322275,1,0.972972972972973,"BA.1.1",0.55421686746988
"T22679C",786,703,46,37,0.832938388625592,1,1,"BA.2",0.89440203562341
"T22882G",925,842,46,37,0.997630331753555,1,1,"BA.2",0.91027027027027
"T23042C",4,4,0,0,0.004739336492891,0,0,"BA.2",1
"T23075C",924,841,46,37,0.996445497630332,1,1,"BA.2",0.91017316017316
"T23599G",927,844,46,37,1,1,1,"BA.2",0.910463861920173
"T24469A",927,844,46,37,1,1,1,"BA.2",0.910463861920173
"T27288A",4,4,0,0,0.004739336492891,0,0,"BA.2",1
"T27384C",840,835,1,4,0.989336492890995,0.0217391304347826,0.108108108108108,"BA.2",0.994047619047619
"T3166C",3,3,0,0,0.00355450236966825,0,0,"BA.2",1
"T5386G",83,0,46,37,0,1,1,"BA.1.1",0.55421686746988
"T6115A",9,9,0,0,0.0106635071090047,0,0,"BA.2",1
"T670G",843,843,0,0,0.998815165876777,0,0,"BA.2",1
"T7825C",6,6,0,0,0.00710900473933649,0,0,"BA.2",1
"T8551C",6,6,0,0,0.00710900473933649,0,0,"BA.2",1
